Rank,ÿÿÿWord,Part of speech,Frequency,Dispersion
1,ÿÿÿthe,a,22038615,0.98
2,ÿÿÿbe,v,12545825,0.97
3,ÿÿÿand,c,10741073,0.99
4,ÿÿÿof,i,10343885,0.97
5,ÿÿÿa,a,10144200,0.98
6,ÿÿÿin,i,6996437,0.98
7,ÿÿÿto,t,6332195,0.98
8,ÿÿÿhave,v,4303955,0.97
9,ÿÿÿto,i,3856916,0.99
10,ÿÿÿit,p,3872477,0.96
11,ÿÿÿI,p,3978265,0.93
12,ÿÿÿthat,c,3430996,0.97
13,ÿÿÿfor,i,3281454,0.98
14,ÿÿÿyou,p,3081151,0.92
15,ÿÿÿhe,p,2909254,0.94
16,ÿÿÿwith,i,2683014,0.99
17,ÿÿÿon,i,2485306,0.99
18,ÿÿÿdo,v,2573587,0.95
19,ÿÿÿsay,v,1915138,0.95
20,ÿÿÿthis,d,1885366,0.96
21,ÿÿÿthey,p,1865580,0.96
22,ÿÿÿat,i,1767638,0.98
23,ÿÿÿbut,c,1776767,0.97
24,ÿÿÿwe,p,1820935,0.94
25,ÿÿÿhis,a,1801708,0.95
26,ÿÿÿfrom,i,1635914,0.99
27,ÿÿÿthat,d,1712406,0.94
28,ÿÿÿnot,x,1638830,0.98
29,ÿÿÿn't,x,1619007,0.97
30,ÿÿÿby,i,1490548,0.96
31,ÿÿÿshe,p,1484869,0.91
32,ÿÿÿor,c,1379320,0.97
33,ÿÿÿas,c,1296879,0.98
34,ÿÿÿwhat,d,1181023,0.94
35,ÿÿÿgo,v,1151045,0.93
36,ÿÿÿtheir,a,1083029,0.97
37,ÿÿÿcan,v,1022775,0.98
38,ÿÿÿwho,p,1018283,0.97
39,ÿÿÿget,v,992596,0.94
40,ÿÿÿif,c,933542,0.97
41,ÿÿÿwould,v,925515,0.97
42,ÿÿÿher,a,969591,0.91
43,ÿÿÿall,d,892102,0.98
44,ÿÿÿmy,a,919821,0.93
45,ÿÿÿmake,v,857168,0.98
46,ÿÿÿabout,i,874406,0.96
47,ÿÿÿknow,v,892535,0.93
48,ÿÿÿwill,v,824568,0.97
49,ÿÿÿas,i,829018,0.95
50,ÿÿÿup,r,795534,0.95
51,ÿÿÿone,m,768232,0.98
52,ÿÿÿtime,n,764657,0.98
53,ÿÿÿthere,e,784528,0.96
54,ÿÿÿyear,n,769254,0.96
55,ÿÿÿso,r,756550,0.95
56,ÿÿÿthink,v,772787,0.91
57,ÿÿÿwhen,c,678626,0.98
58,ÿÿÿwhich,d,685982,0.96
59,ÿÿÿthem,p,677870,0.97
60,ÿÿÿsome,d,674193,0.98
61,ÿÿÿme,p,709623,0.92
62,ÿÿÿpeople,n,691468,0.95
63,ÿÿÿtake,v,670745,0.97
64,ÿÿÿout,r,678603,0.96
65,ÿÿÿinto,i,668172,0.97
66,ÿÿÿjust,r,677711,0.94
67,ÿÿÿsee,v,663645,0.96
68,ÿÿÿhim,p,677707,0.92
69,ÿÿÿyour,a,659622,0.94
70,ÿÿÿcome,v,628254,0.95
71,ÿÿÿcould,v,617932,0.96
72,ÿÿÿnow,r,605997,0.94
73,ÿÿÿthan,c,579757,0.97
74,ÿÿÿlike,i,568850,0.96
75,ÿÿÿother,j,547799,0.97
76,ÿÿÿhow,r,538893,0.97
77,ÿÿÿthen,r,543977,0.95
78,ÿÿÿits,a,539719,0.96
79,ÿÿÿour,a,525107,0.97
80,ÿÿÿtwo,m,511027,0.99
81,ÿÿÿmore,r,517536,0.97
82,ÿÿÿthese,d,513864,0.95
83,ÿÿÿwant,v,514972,0.95
84,ÿÿÿway,n,470401,0.98
85,ÿÿÿlook,v,491707,0.93
86,ÿÿÿfirst,m,463566,0.98
87,ÿÿÿalso,r,464606,0.96
88,ÿÿÿnew,j,435993,0.97
89,ÿÿÿbecause,c,438539,0.96
90,ÿÿÿday,n,432773,0.97
91,ÿÿÿmore,d,420170,0.97
92,ÿÿÿuse,v,420781,0.96
93,ÿÿÿno,a,402222,0.98
94,ÿÿÿman,n,409760,0.95
95,ÿÿÿfind,v,395203,0.98
96,ÿÿÿhere,r,412315,0.93
97,ÿÿÿthing,n,400724,0.94
98,ÿÿÿgive,v,384503,0.98
99,ÿÿÿmany,d,385348,0.97
100,ÿÿÿwell,r,411776,0.91
101,ÿÿÿonly,r,379574,0.98
102,ÿÿÿthose,d,378007,0.97
103,ÿÿÿtell,v,388155,0.94
104,ÿÿÿone,p,369553,0.98
105,ÿÿÿvery,r,391821,0.92
106,ÿÿÿher,p,397950,0.89
107,ÿÿÿeven,r,361067,0.98
108,ÿÿÿback,r,367844,0.94
109,ÿÿÿany,d,348100,0.98
110,ÿÿÿgood,j,353973,0.96
111,ÿÿÿwoman,n,341422,0.98
112,ÿÿÿthrough,i,340921,0.98
113,ÿÿÿus,p,351088,0.95
114,ÿÿÿlife,n,333085,0.98
115,ÿÿÿchild,n,333849,0.97
116,ÿÿÿthere,r,333433,0.93
117,ÿÿÿwork,v,318210,0.98
118,ÿÿÿdown,r,329409,0.94
119,ÿÿÿmay,v,324569,0.95
120,ÿÿÿafter,i,311902,0.98
121,ÿÿÿshould,v,310265,0.98
122,ÿÿÿcall,v,308050,0.97
123,ÿÿÿworld,n,303506,0.97
124,ÿÿÿover,i,300349,0.98
125,ÿÿÿschool,n,304183,0.95
126,ÿÿÿstill,r,296953,0.97
127,ÿÿÿtry,v,294023,0.96
128,ÿÿÿin,r,285035,0.98
129,ÿÿÿas,r,281483,0.98
130,ÿÿÿlast,m,289843,0.95
131,ÿÿÿask,v,284632,0.96
132,ÿÿÿneed,v,276744,0.98
133,ÿÿÿtoo,r,280396,0.96
134,ÿÿÿfeel,v,275214,0.95
135,ÿÿÿthree,m,266744,0.98
136,ÿÿÿwhen,r,268219,0.97
137,ÿÿÿstate,n,272193,0.94
138,ÿÿÿnever,r,262584,0.96
139,ÿÿÿbecome,v,259102,0.97
140,ÿÿÿbetween,i,264158,0.94
141,ÿÿÿhigh,j,255936,0.96
142,ÿÿÿreally,r,263414,0.91
143,ÿÿÿsomething,p,254910,0.94
144,ÿÿÿmost,r,246360,0.96
145,ÿÿÿanother,d,240646,0.98
146,ÿÿÿmuch,d,244507,0.97
147,ÿÿÿfamily,n,243267,0.97
148,ÿÿÿown,d,240452,0.98
149,ÿÿÿout,i,242443,0.96
150,ÿÿÿleave,v,240482,0.96
151,ÿÿÿput,v,237480,0.96
152,ÿÿÿold,j,236577,0.96
153,ÿÿÿwhile,c,234555,0.97
154,ÿÿÿmean,v,242198,0.93
155,ÿÿÿon,r,236980,0.95
156,ÿÿÿkeep,v,231760,0.96
157,ÿÿÿstudent,n,255047,0.88
158,ÿÿÿwhy,r,235442,0.95
159,ÿÿÿlet,v,240300,0.93
160,ÿÿÿgreat,j,225005,0.97
161,ÿÿÿsame,d,222836,0.98
162,ÿÿÿbig,j,227169,0.96
163,ÿÿÿgroup,n,229435,0.93
164,ÿÿÿbegin,v,218617,0.98
165,ÿÿÿseem,v,219627,0.97
166,ÿÿÿcountry,n,223138,0.95
167,ÿÿÿhelp,v,216082,0.98
168,ÿÿÿtalk,v,229429,0.92
169,ÿÿÿwhere,c,213744,0.98
170,ÿÿÿturn,v,221392,0.94
171,ÿÿÿproblem,n,217728,0.96
172,ÿÿÿevery,a,212739,0.97
173,ÿÿÿstart,v,213952,0.96
174,ÿÿÿhand,n,225247,0.91
175,ÿÿÿmight,v,209059,0.98
176,ÿÿÿAmerican,j,214968,0.95
177,ÿÿÿshow,v,208037,0.98
178,ÿÿÿpart,n,207861,0.98
179,ÿÿÿabout,r,208550,0.97
180,ÿÿÿagainst,i,204379,0.98
181,ÿÿÿplace,n,202427,0.98
182,ÿÿÿover,r,208260,0.95
183,ÿÿÿsuch,d,207065,0.95
184,ÿÿÿagain,r,206895,0.94
185,ÿÿÿfew,d,197266,0.97
186,ÿÿÿcase,n,200773,0.95
187,ÿÿÿmost,d,197086,0.96
188,ÿÿÿweek,n,199268,0.95
189,ÿÿÿcompany,n,203345,0.93
190,ÿÿÿwhere,r,194427,0.96
191,ÿÿÿsystem,n,200175,0.94
192,ÿÿÿeach,d,196522,0.95
193,ÿÿÿright,r,205250,0.9
194,ÿÿÿprogram,n,195985,0.93
195,ÿÿÿhear,v,196070,0.93
196,ÿÿÿso,c,191893,0.95
197,ÿÿÿquestion,n,192070,0.95
198,ÿÿÿduring,i,190729,0.95
199,ÿÿÿwork,n,187533,0.97
200,ÿÿÿplay,v,188328,0.96
201,ÿÿÿgovernment,n,191314,0.94
202,ÿÿÿrun,v,187325,0.96
203,ÿÿÿsmall,j,185463,0.97
204,ÿÿÿnumber,n,186005,0.96
205,ÿÿÿoff,r,183854,0.95
206,ÿÿÿalways,r,179474,0.97
207,ÿÿÿmove,v,179388,0.97
208,ÿÿÿlike,v,182341,0.95
209,ÿÿÿnight,n,184511,0.93
210,ÿÿÿlive,v,176144,0.98
211,ÿÿÿMr,n,188555,0.91
212,ÿÿÿpoint,n,177481,0.97
213,ÿÿÿbelieve,v,178397,0.96
214,ÿÿÿhold,v,177368,0.97
215,ÿÿÿtoday,r,183724,0.93
216,ÿÿÿbring,v,174366,0.98
217,ÿÿÿhappen,v,182714,0.93
218,ÿÿÿnext,m,176306,0.96
219,ÿÿÿwithout,i,172448,0.98
220,ÿÿÿbefore,i,172769,0.98
221,ÿÿÿlarge,j,175611,0.96
222,ÿÿÿall,r,177317,0.93
223,ÿÿÿmillion,m,176895,0.93
224,ÿÿÿmust,v,171043,0.96
225,ÿÿÿhome,n,170527,0.96
226,ÿÿÿunder,i,164766,0.98
227,ÿÿÿwater,n,167666,0.96
228,ÿÿÿroom,n,172472,0.92
229,ÿÿÿwrite,v,161824,0.98
230,ÿÿÿmother,n,169407,0.93
231,ÿÿÿarea,n,165812,0.95
232,ÿÿÿnational,j,166359,0.95
233,ÿÿÿmoney,n,164794,0.95
234,ÿÿÿstory,n,163582,0.96
235,ÿÿÿyoung,j,160011,0.98
236,ÿÿÿfact,n,164401,0.95
237,ÿÿÿmonth,n,162685,0.96
238,ÿÿÿdifferent,j,162411,0.96
239,ÿÿÿlot,n,169570,0.92
240,ÿÿÿright,n,163259,0.95
241,ÿÿÿstudy,n,174069,0.88
242,ÿÿÿbook,n,154013,0.98
243,ÿÿÿeye,n,169150,0.89
244,ÿÿÿjob,n,154743,0.96
245,ÿÿÿword,n,152891,0.97
246,ÿÿÿthough,c,152182,0.97
247,ÿÿÿbusiness,n,154468,0.95
248,ÿÿÿissue,n,156417,0.94
249,ÿÿÿside,n,152559,0.96
250,ÿÿÿkind,n,155032,0.95
251,ÿÿÿfour,m,150646,0.97
252,ÿÿÿhead,n,160131,0.91
253,ÿÿÿfar,r,148621,0.98
254,ÿÿÿblack,j,150718,0.96
255,ÿÿÿlong,j,149050,0.97
256,ÿÿÿboth,d,146338,0.97
257,ÿÿÿlittle,j,149658,0.94
258,ÿÿÿhouse,n,149251,0.94
259,ÿÿÿyes,u,157364,0.89
260,ÿÿÿafter,c,142289,0.98
261,ÿÿÿsince,c,141264,0.98
262,ÿÿÿlong,r,142007,0.97
263,ÿÿÿprovide,v,150879,0.91
264,ÿÿÿservice,n,146122,0.94
265,ÿÿÿaround,i,143766,0.96
266,ÿÿÿfriend,n,142697,0.96
267,ÿÿÿimportant,j,144194,0.95
268,ÿÿÿfather,n,145051,0.93
269,ÿÿÿsit,v,147185,0.92
270,ÿÿÿaway,r,144713,0.93
271,ÿÿÿuntil,c,140819,0.96
272,ÿÿÿpower,n,141357,0.95
273,ÿÿÿhour,n,138955,0.96
274,ÿÿÿgame,n,146311,0.92
275,ÿÿÿoften,r,140731,0.95
276,ÿÿÿyet,r,135484,0.98
277,ÿÿÿline,n,135986,0.98
278,ÿÿÿpolitical,j,144437,0.92
279,ÿÿÿend,n,134104,0.98
280,ÿÿÿamong,i,138192,0.94
281,ÿÿÿever,r,135774,0.96
282,ÿÿÿstand,v,140937,0.92
283,ÿÿÿbad,j,134910,0.96
284,ÿÿÿlose,v,134102,0.97
285,ÿÿÿhowever,r,142282,0.91
286,ÿÿÿmember,n,134731,0.95
287,ÿÿÿpay,v,133133,0.96
288,ÿÿÿlaw,n,133706,0.95
289,ÿÿÿmeet,v,128737,0.98
290,ÿÿÿcar,n,133571,0.94
291,ÿÿÿcity,n,132684,0.95
292,ÿÿÿalmost,r,127907,0.98
293,ÿÿÿinclude,v,133563,0.93
294,ÿÿÿcontinue,v,126029,0.98
295,ÿÿÿset,v,127369,0.97
296,ÿÿÿlater,r,126495,0.98
297,ÿÿÿcommunity,n,133057,0.93
298,ÿÿÿmuch,r,126029,0.98
299,ÿÿÿname,n,127139,0.97
300,ÿÿÿfive,m,125571,0.97
301,ÿÿÿonce,r,126203,0.97
302,ÿÿÿwhite,j,126760,0.96
303,ÿÿÿleast,r,123961,0.98
304,ÿÿÿpresident,n,134203,0.9
305,ÿÿÿlearn,v,124346,0.97
306,ÿÿÿreal,j,124187,0.97
307,ÿÿÿchange,v,123183,0.98
308,ÿÿÿteam,n,131489,0.92
309,ÿÿÿminute,n,126660,0.95
310,ÿÿÿbest,j,124850,0.96
311,ÿÿÿseveral,d,124039,0.97
312,ÿÿÿidea,n,122140,0.98
313,ÿÿÿkid,n,126428,0.95
314,ÿÿÿbody,n,125165,0.96
315,ÿÿÿinformation,n,127331,0.94
316,ÿÿÿnothing,p,126717,0.94
317,ÿÿÿago,r,125252,0.95
318,ÿÿÿright,j,126278,0.94
319,ÿÿÿlead,v,122691,0.97
320,ÿÿÿsocial,j,132899,0.89
321,ÿÿÿunderstand,v,121354,0.97
322,ÿÿÿwhether,c,121921,0.96
323,ÿÿÿback,n,125006,0.94
324,ÿÿÿwatch,v,124976,0.94
325,ÿÿÿtogether,r,119186,0.98
326,ÿÿÿfollow,v,119425,0.97
327,ÿÿÿaround,r,122789,0.94
328,ÿÿÿparent,n,119610,0.97
329,ÿÿÿonly,j,117700,0.98
330,ÿÿÿstop,v,121481,0.94
331,ÿÿÿface,n,127291,0.89
332,ÿÿÿanything,p,120292,0.94
333,ÿÿÿcreate,v,119419,0.95
334,ÿÿÿpublic,j,119825,0.95
335,ÿÿÿalready,r,115220,0.98
336,ÿÿÿspeak,v,117358,0.96
337,ÿÿÿothers,n,115771,0.97
338,ÿÿÿread,v,114094,0.97
339,ÿÿÿlevel,n,121704,0.91
340,ÿÿÿallow,v,114892,0.97
341,ÿÿÿadd,v,117842,0.94
342,ÿÿÿoffice,n,114791,0.97
343,ÿÿÿspend,v,114569,0.97
344,ÿÿÿdoor,n,124993,0.88
345,ÿÿÿhealth,n,117762,0.94
346,ÿÿÿperson,n,113650,0.97
347,ÿÿÿart,n,117851,0.93
348,ÿÿÿsure,j,116186,0.94
349,ÿÿÿsuch,i,119125,0.92
350,ÿÿÿwar,n,117804,0.93
351,ÿÿÿhistory,n,114904,0.95
352,ÿÿÿparty,n,112962,0.96
353,ÿÿÿwithin,i,114599,0.93
354,ÿÿÿgrow,v,110020,0.97
355,ÿÿÿresult,n,116277,0.92
356,ÿÿÿopen,v,111857,0.94
357,ÿÿÿchange,n,112426,0.94
358,ÿÿÿmorning,n,114002,0.92
359,ÿÿÿwalk,v,113787,0.92
360,ÿÿÿreason,n,106863,0.97
361,ÿÿÿlow,j,108990,0.95
362,ÿÿÿwin,v,111478,0.93
363,ÿÿÿresearch,n,114802,0.9
364,ÿÿÿgirl,n,110409,0.93
365,ÿÿÿguy,n,110409,0.93
366,ÿÿÿearly,j,108171,0.95
367,ÿÿÿfood,n,107728,0.96
368,ÿÿÿbefore,c,107448,0.96
369,ÿÿÿmoment,n,109720,0.94
370,ÿÿÿhimself,p,109288,0.94
371,ÿÿÿair,n,105932,0.96
372,ÿÿÿteacher,n,116100,0.88
373,ÿÿÿforce,n,108005,0.95
374,ÿÿÿoffer,v,106473,0.96
375,ÿÿÿenough,r,105880,0.96
376,ÿÿÿboth,r,106361,0.95
377,ÿÿÿeducation,n,113731,0.89
378,ÿÿÿacross,i,105559,0.96
379,ÿÿÿalthough,c,107925,0.93
380,ÿÿÿremember,v,106879,0.94
381,ÿÿÿfoot,n,107285,0.94
382,ÿÿÿsecond,m,103621,0.97
383,ÿÿÿboy,n,107447,0.93
384,ÿÿÿmaybe,r,108421,0.92
385,ÿÿÿtoward,i,105984,0.94
386,ÿÿÿable,j,103171,0.97
387,ÿÿÿage,n,103402,0.96
388,ÿÿÿoff,i,104122,0.95
389,ÿÿÿpolicy,n,107601,0.92
390,ÿÿÿeverything,p,103591,0.95
391,ÿÿÿlove,v,103681,0.95
392,ÿÿÿprocess,n,107341,0.91
393,ÿÿÿmusic,n,102657,0.95
394,ÿÿÿincluding,i,103650,0.94
395,ÿÿÿconsider,v,101987,0.96
396,ÿÿÿappear,v,100671,0.97
397,ÿÿÿactually,r,105155,0.92
398,ÿÿÿbuy,v,101105,0.95
399,ÿÿÿprobably,r,99754,0.96
400,ÿÿÿhuman,j,101224,0.94
401,ÿÿÿwait,v,102463,0.93
402,ÿÿÿserve,v,99660,0.95
403,ÿÿÿmarket,n,100435,0.94
404,ÿÿÿdie,v,98376,0.96
405,ÿÿÿsend,v,96613,0.97
406,ÿÿÿexpect,v,95566,0.98
407,ÿÿÿhome,r,97937,0.95
408,ÿÿÿsense,n,95896,0.97
409,ÿÿÿbuild,v,96651,0.96
410,ÿÿÿstay,v,96933,0.96
411,ÿÿÿfall,v,96908,0.95
412,ÿÿÿoh,u,103613,0.89
413,ÿÿÿnation,n,97212,0.95
414,ÿÿÿplan,n,95824,0.96
415,ÿÿÿcut,v,96012,0.95
416,ÿÿÿcollege,n,97038,0.94
417,ÿÿÿinterest,n,96620,0.95
418,ÿÿÿdeath,n,93222,0.98
419,ÿÿÿcourse,r,96224,0.95
420,ÿÿÿsomeone,p,95608,0.95
421,ÿÿÿexperience,n,98106,0.93
422,ÿÿÿbehind,i,95047,0.93
423,ÿÿÿreach,v,92375,0.96
424,ÿÿÿlocal,j,92970,0.95
425,ÿÿÿkill,v,92660,0.95
426,ÿÿÿsix,m,90571,0.97
427,ÿÿÿremain,v,91319,0.96
428,ÿÿÿeffect,n,95216,0.92
429,ÿÿÿuse,n,96564,0.9
430,ÿÿÿyeah,u,103389,0.84
431,ÿÿÿsuggest,v,92643,0.93
432,ÿÿÿclass,n,91323,0.94
433,ÿÿÿcontrol,n,90301,0.94
434,ÿÿÿraise,v,87036,0.98
435,ÿÿÿcare,n,88862,0.96
436,ÿÿÿperhaps,r,87060,0.98
437,ÿÿÿlittle,r,88697,0.95
438,ÿÿÿlate,j,86421,0.98
439,ÿÿÿhard,j,86817,0.97
440,ÿÿÿfield,n,87243,0.96
441,ÿÿÿelse,r,87876,0.95
442,ÿÿÿpass,v,86184,0.97
443,ÿÿÿformer,d,88930,0.94
444,ÿÿÿsell,v,87865,0.95
445,ÿÿÿmajor,j,87487,0.95
446,ÿÿÿsometimes,r,84845,0.98
447,ÿÿÿrequire,v,89280,0.93
448,ÿÿÿalong,i,84926,0.97
449,ÿÿÿdevelopment,n,91995,0.9
450,ÿÿÿthemselves,p,85256,0.97
451,ÿÿÿreport,v,88138,0.93
452,ÿÿÿrole,n,88666,0.92
453,ÿÿÿbetter,j,83895,0.98
454,ÿÿÿeconomic,j,90392,0.91
455,ÿÿÿeffort,n,86473,0.95
456,ÿÿÿup,i,85759,0.95
457,ÿÿÿdecide,v,84035,0.97
458,ÿÿÿrate,n,87224,0.94
459,ÿÿÿstrong,j,83677,0.98
460,ÿÿÿpossible,j,85084,0.96
461,ÿÿÿheart,n,84536,0.96
462,ÿÿÿdrug,n,86231,0.94
463,ÿÿÿshow,n,86828,0.94
464,ÿÿÿleader,n,85438,0.95
465,ÿÿÿlight,n,87427,0.93
466,ÿÿÿvoice,n,89379,0.9
467,ÿÿÿwife,n,83601,0.96
468,ÿÿÿwhole,j,83756,0.96
469,ÿÿÿpolice,n,85880,0.93
470,ÿÿÿmind,n,82808,0.96
471,ÿÿÿfinally,r,81951,0.97
472,ÿÿÿpull,v,87243,0.91
473,ÿÿÿreturn,v,81812,0.97
474,ÿÿÿfree,j,82090,0.97
475,ÿÿÿmilitary,j,85152,0.93
476,ÿÿÿprice,n,84443,0.94
477,ÿÿÿreport,n,83174,0.95
478,ÿÿÿless,r,82930,0.95
479,ÿÿÿaccording,i,83773,0.94
480,ÿÿÿdecision,n,82429,0.95
481,ÿÿÿexplain,v,80797,0.97
482,ÿÿÿson,n,80895,0.97
483,ÿÿÿhope,v,81385,0.96
484,ÿÿÿeven,c,79087,0.98
485,ÿÿÿdevelop,v,84835,0.92
486,ÿÿÿview,n,81338,0.96
487,ÿÿÿrelationship,n,84549,0.92
488,ÿÿÿcarry,v,79513,0.97
489,ÿÿÿtown,n,79821,0.97
490,ÿÿÿroad,n,80987,0.95
491,ÿÿÿdrive,v,80476,0.96
492,ÿÿÿarm,n,84865,0.91
493,ÿÿÿtrue,j,79299,0.97
494,ÿÿÿfederal,j,81826,0.94
495,ÿÿÿbreak,v,79310,0.97
496,ÿÿÿbetter,r,78334,0.98
497,ÿÿÿdifference,n,82911,0.92
498,ÿÿÿthank,v,88574,0.86
499,ÿÿÿreceive,v,80250,0.95
500,ÿÿÿvalue,n,82942,0.92
501,ÿÿÿinternational,j,81610,0.93
502,ÿÿÿbuilding,n,78487,0.97
503,ÿÿÿaction,n,80009,0.95
504,ÿÿÿfull,j,77547,0.97
505,ÿÿÿmodel,n,82973,0.91
506,ÿÿÿjoin,v,80609,0.93
507,ÿÿÿseason,n,83743,0.89
508,ÿÿÿsociety,n,81192,0.92
509,ÿÿÿbecause,i,77116,0.97
510,ÿÿÿtax,n,80713,0.92
511,ÿÿÿdirector,n,79813,0.93
512,ÿÿÿearly,r,75605,0.98
513,ÿÿÿposition,n,77124,0.96
514,ÿÿÿplayer,n,81358,0.91
515,ÿÿÿagree,v,76753,0.96
516,ÿÿÿespecially,r,76304,0.96
517,ÿÿÿrecord,n,77509,0.94
518,ÿÿÿpick,v,77197,0.95
519,ÿÿÿwear,v,77921,0.94
520,ÿÿÿpaper,n,75383,0.97
521,ÿÿÿspecial,j,75298,0.97
522,ÿÿÿspace,n,75395,0.96
523,ÿÿÿground,n,74713,0.97
524,ÿÿÿform,n,78493,0.92
525,ÿÿÿsupport,v,76544,0.94
526,ÿÿÿevent,n,75559,0.95
527,ÿÿÿofficial,n,79026,0.91
528,ÿÿÿwhose,d,74914,0.96
529,ÿÿÿmatter,n,73842,0.97
530,ÿÿÿeveryone,p,74534,0.96
531,ÿÿÿcenter,n,74559,0.96
532,ÿÿÿcouple,n,74871,0.96
533,ÿÿÿsite,n,75932,0.94
534,ÿÿÿend,v,73099,0.97
535,ÿÿÿproject,n,75446,0.94
536,ÿÿÿhit,v,73999,0.95
537,ÿÿÿbase,v,75887,0.93
538,ÿÿÿactivity,n,77980,0.9
539,ÿÿÿstar,n,73695,0.95
540,ÿÿÿtable,n,75228,0.93
541,ÿÿÿneed,n,74877,0.93
542,ÿÿÿcourt,n,74112,0.94
543,ÿÿÿproduce,v,74169,0.94
544,ÿÿÿeat,v,73505,0.95
545,ÿÿÿAmerican,n,73063,0.95
546,ÿÿÿteach,v,72668,0.95
547,ÿÿÿoil,n,74386,0.93
548,ÿÿÿhalf,d,70930,0.97
549,ÿÿÿsituation,n,72603,0.95
550,ÿÿÿeasy,j,71602,0.96
551,ÿÿÿcost,n,73512,0.94
552,ÿÿÿindustry,n,73055,0.94
553,ÿÿÿfigure,n,74858,0.92
554,ÿÿÿface,v,69493,0.98
555,ÿÿÿstreet,n,71645,0.95
556,ÿÿÿimage,n,72216,0.94
557,ÿÿÿitself,p,71093,0.96
558,ÿÿÿphone,n,71599,0.95
559,ÿÿÿeither,r,69497,0.97
560,ÿÿÿdata,n,76594,0.88
561,ÿÿÿcover,v,69387,0.97
562,ÿÿÿquite,r,69966,0.96
563,ÿÿÿpicture,n,69229,0.97
564,ÿÿÿclear,j,68662,0.98
565,ÿÿÿpractice,n,73745,0.91
566,ÿÿÿpiece,n,68901,0.97
567,ÿÿÿland,n,69750,0.96
568,ÿÿÿrecent,j,70685,0.94
569,ÿÿÿdescribe,v,71377,0.93
570,ÿÿÿproduct,n,70883,0.94
571,ÿÿÿdoctor,n,69446,0.95
572,ÿÿÿwall,n,71390,0.93
573,ÿÿÿpatient,n,72217,0.91
574,ÿÿÿworker,n,69962,0.94
575,ÿÿÿnews,n,70051,0.94
576,ÿÿÿtest,n,69870,0.94
577,ÿÿÿmovie,n,69387,0.94
578,ÿÿÿcertain,j,67228,0.97
579,ÿÿÿnorth,n,68046,0.96
580,ÿÿÿlove,n,67495,0.96
581,ÿÿÿpersonal,j,67917,0.96
582,ÿÿÿopen,j,67218,0.97
583,ÿÿÿsupport,n,69431,0.93
584,ÿÿÿsimply,r,66712,0.97
585,ÿÿÿthird,m,67037,0.97
586,ÿÿÿtechnology,n,69565,0.93
587,ÿÿÿcatch,v,68214,0.94
588,ÿÿÿstep,n,66232,0.97
589,ÿÿÿbaby,n,67881,0.94
590,ÿÿÿcomputer,n,67399,0.95
591,ÿÿÿtype,n,68481,0.93
592,ÿÿÿattention,n,65271,0.97
593,ÿÿÿdraw,v,65198,0.97
594,ÿÿÿfilm,n,66724,0.95
595,ÿÿÿRepublican,n,71611,0.88
596,ÿÿÿtree,n,66630,0.94
597,ÿÿÿsource,n,66862,0.94
598,ÿÿÿred,j,66217,0.94
599,ÿÿÿnearly,r,64860,0.96
600,ÿÿÿorganization,n,67278,0.93
601,ÿÿÿchoose,v,64348,0.97
602,ÿÿÿcause,v,64531,0.97
603,ÿÿÿhair,n,69564,0.89
604,ÿÿÿlook,n,66194,0.94
605,ÿÿÿpoint,v,62980,0.98
606,ÿÿÿcentury,n,65667,0.94
607,ÿÿÿevidence,n,65360,0.94
608,ÿÿÿwindow,n,68303,0.9
609,ÿÿÿdifficult,j,63947,0.96
610,ÿÿÿlisten,v,64984,0.94
611,ÿÿÿsoon,r,63168,0.96
612,ÿÿÿculture,n,67128,0.91
613,ÿÿÿbillion,m,65243,0.93
614,ÿÿÿchance,n,62682,0.97
615,ÿÿÿbrother,n,63406,0.95
616,ÿÿÿenergy,n,64139,0.94
617,ÿÿÿperiod,n,64534,0.93
618,ÿÿÿcourse,n,64012,0.94
619,ÿÿÿsummer,n,62503,0.96
620,ÿÿÿless,d,62154,0.96
621,ÿÿÿrealize,v,61732,0.97
622,ÿÿÿhundred,m,61266,0.97
623,ÿÿÿavailable,j,63187,0.94
624,ÿÿÿplant,n,63476,0.93
625,ÿÿÿlikely,j,63002,0.94
626,ÿÿÿopportunity,n,62422,0.95
627,ÿÿÿterm,n,62962,0.94
628,ÿÿÿshort,j,60451,0.98
629,ÿÿÿletter,n,60369,0.98
630,ÿÿÿcondition,n,63489,0.93
631,ÿÿÿchoice,n,60487,0.97
632,ÿÿÿplace,v,60927,0.96
633,ÿÿÿsingle,j,60072,0.97
634,ÿÿÿrule,n,61062,0.95
635,ÿÿÿdaughter,n,60424,0.96
636,ÿÿÿadministration,n,62071,0.93
637,ÿÿÿsouth,n,60630,0.96
638,ÿÿÿhusband,n,60126,0.96
639,ÿÿÿCongress,n,62841,0.92
640,ÿÿÿfloor,n,62458,0.92
641,ÿÿÿcampaign,n,64172,0.9
642,ÿÿÿmaterial,n,62440,0.92
643,ÿÿÿpopulation,n,62999,0.91
644,ÿÿÿwell,i,61219,0.93
645,ÿÿÿcall,n,59543,0.96
646,ÿÿÿeconomy,n,60990,0.93
647,ÿÿÿmedical,j,59424,0.96
648,ÿÿÿhospital,n,58669,0.97
649,ÿÿÿchurch,n,59466,0.96
650,ÿÿÿclose,v,60884,0.93
651,ÿÿÿthousand,m,58307,0.97
652,ÿÿÿrisk,n,60432,0.94
653,ÿÿÿcurrent,j,61252,0.92
654,ÿÿÿfire,n,59386,0.95
655,ÿÿÿfuture,n,58020,0.97
656,ÿÿÿwrong,j,58988,0.95
657,ÿÿÿinvolve,v,59542,0.94
658,ÿÿÿdefense,n,59701,0.94
659,ÿÿÿanyone,p,58274,0.96
660,ÿÿÿincrease,v,60442,0.93
661,ÿÿÿsecurity,n,58914,0.95
662,ÿÿÿbank,n,58992,0.94
663,ÿÿÿmyself,p,59716,0.93
664,ÿÿÿcertainly,r,59739,0.93
665,ÿÿÿwest,n,58169,0.95
666,ÿÿÿsport,n,59006,0.94
667,ÿÿÿboard,n,58436,0.95
668,ÿÿÿseek,v,58495,0.94
669,ÿÿÿper,i,59432,0.93
670,ÿÿÿsubject,n,61397,0.9
671,ÿÿÿofficer,n,57617,0.96
672,ÿÿÿprivate,j,57248,0.96
673,ÿÿÿrest,n,56714,0.97
674,ÿÿÿbehavior,n,62625,0.88
675,ÿÿÿdeal,v,57462,0.96
676,ÿÿÿperformance,n,59909,0.92
677,ÿÿÿfight,v,56886,0.96
678,ÿÿÿthrow,v,57784,0.95
679,ÿÿÿtop,n,57743,0.95
680,ÿÿÿquickly,r,56454,0.97
681,ÿÿÿpast,j,56588,0.96
682,ÿÿÿgoal,n,58728,0.93
683,ÿÿÿsecond,n,56022,0.97
684,ÿÿÿbed,n,60304,0.9
685,ÿÿÿorder,n,56483,0.96
686,ÿÿÿauthor,n,58300,0.93
687,ÿÿÿfill,v,56915,0.95
688,ÿÿÿrepresent,v,58744,0.92
689,ÿÿÿfocus,v,57177,0.94
690,ÿÿÿforeign,j,57540,0.94
691,ÿÿÿdrop,v,56448,0.95
692,ÿÿÿplan,v,55829,0.96
693,ÿÿÿblood,n,56351,0.95
694,ÿÿÿupon,i,57033,0.94
695,ÿÿÿagency,n,56954,0.94
696,ÿÿÿpush,v,56103,0.95
697,ÿÿÿnature,n,57929,0.92
698,ÿÿÿcolor,n,56978,0.94
699,ÿÿÿno,r,54602,0.98
700,ÿÿÿrecently,r,55992,0.95
701,ÿÿÿstore,n,56147,0.95
702,ÿÿÿreduce,v,57029,0.93
703,ÿÿÿsound,n,56828,0.94
704,ÿÿÿnote,v,57025,0.93
705,ÿÿÿfine,j,55174,0.96
706,ÿÿÿbefore,r,55608,0.95
707,ÿÿÿnear,i,54869,0.96
708,ÿÿÿmovement,n,56201,0.94
709,ÿÿÿpage,n,55937,0.94
710,ÿÿÿenter,v,54479,0.96
711,ÿÿÿshare,v,54010,0.97
712,ÿÿÿthan,i,55719,0.94
713,ÿÿÿcommon,j,55940,0.93
714,ÿÿÿpoor,j,53820,0.97
715,ÿÿÿother,p,54372,0.96
716,ÿÿÿnatural,j,55526,0.94
717,ÿÿÿrace,n,54838,0.95
718,ÿÿÿconcern,n,55203,0.94
719,ÿÿÿseries,n,54549,0.95
720,ÿÿÿsignificant,j,58947,0.88
721,ÿÿÿsimilar,j,55901,0.92
722,ÿÿÿhot,j,54601,0.95
723,ÿÿÿlanguage,n,55799,0.92
724,ÿÿÿeach,p,53663,0.96
725,ÿÿÿusually,r,53477,0.96
726,ÿÿÿresponse,n,56342,0.91
727,ÿÿÿdead,j,55111,0.93
728,ÿÿÿrise,v,53542,0.95
729,ÿÿÿanimal,n,53127,0.96
730,ÿÿÿfactor,n,57612,0.89
731,ÿÿÿdecade,n,53727,0.95
732,ÿÿÿarticle,n,54871,0.93
733,ÿÿÿshoot,v,53038,0.95
734,ÿÿÿeast,n,53010,0.95
735,ÿÿÿsave,v,52067,0.97
736,ÿÿÿseven,m,52011,0.97
737,ÿÿÿartist,n,54353,0.92
738,ÿÿÿaway,i,52005,0.96
739,ÿÿÿscene,n,51248,0.97
740,ÿÿÿstock,n,54305,0.91
741,ÿÿÿcareer,n,52101,0.95
742,ÿÿÿdespite,i,51526,0.96
743,ÿÿÿcentral,j,52501,0.94
744,ÿÿÿeight,m,50871,0.97
745,ÿÿÿthus,r,57039,0.87
746,ÿÿÿtreatment,n,53390,0.92
747,ÿÿÿbeyond,i,50742,0.97
748,ÿÿÿhappy,j,51669,0.95
749,ÿÿÿexactly,r,52685,0.93
750,ÿÿÿprotect,v,50649,0.97
751,ÿÿÿapproach,n,53980,0.91
752,ÿÿÿlie,v,51657,0.95
753,ÿÿÿsize,n,51868,0.95
754,ÿÿÿdog,n,52347,0.94
755,ÿÿÿfund,n,53859,0.91
756,ÿÿÿserious,j,50285,0.97
757,ÿÿÿoccur,v,52768,0.93
758,ÿÿÿmedia,n,51798,0.94
759,ÿÿÿready,j,50833,0.96
760,ÿÿÿsign,n,50045,0.98
761,ÿÿÿthought,n,51509,0.95
762,ÿÿÿlist,n,50678,0.96
763,ÿÿÿindividual,n,54738,0.89
764,ÿÿÿsimple,j,50583,0.96
765,ÿÿÿquality,n,52224,0.93
766,ÿÿÿpressure,n,50773,0.96
767,ÿÿÿaccept,v,49952,0.97
768,ÿÿÿanswer,n,49969,0.97
769,ÿÿÿhard,r,50793,0.95
770,ÿÿÿresource,n,53398,0.9
771,ÿÿÿidentify,v,53484,0.9
772,ÿÿÿleft,j,50479,0.95
773,ÿÿÿmeeting,n,49916,0.96
774,ÿÿÿdetermine,v,52130,0.92
775,ÿÿÿprepare,v,49208,0.98
776,ÿÿÿdisease,n,51211,0.94
777,ÿÿÿwhatever,d,50200,0.96
778,ÿÿÿsuccess,n,50541,0.95
779,ÿÿÿargue,v,51013,0.94
780,ÿÿÿcup,n,53633,0.89
781,ÿÿÿparticularly,r,50329,0.95
782,ÿÿÿamount,n,49944,0.95
783,ÿÿÿability,n,51476,0.93
784,ÿÿÿstaff,n,50177,0.95
785,ÿÿÿrecognize,v,50042,0.95
786,ÿÿÿindicate,v,53215,0.89
787,ÿÿÿcharacter,n,49530,0.96
788,ÿÿÿgrowth,n,50904,0.93
789,ÿÿÿloss,n,49759,0.95
790,ÿÿÿdegree,n,50612,0.94
791,ÿÿÿwonder,v,50875,0.93
792,ÿÿÿattack,n,50898,0.93
793,ÿÿÿherself,p,52915,0.89
794,ÿÿÿregion,n,50914,0.93
795,ÿÿÿtelevision,n,49673,0.95
796,ÿÿÿbox,n,49667,0.95
797,ÿÿÿTV,n,49438,0.95
798,ÿÿÿtraining,n,49997,0.93
799,ÿÿÿpretty,r,50385,0.93
800,ÿÿÿtrade,n,49696,0.94
801,ÿÿÿdeal,n,48975,0.95
802,ÿÿÿelection,n,51322,0.91
803,ÿÿÿeverybody,p,51147,0.91
804,ÿÿÿphysical,j,51451,0.9
805,ÿÿÿlay,v,49358,0.94
806,ÿÿÿgeneral,j,49657,0.93
807,ÿÿÿfeeling,n,47349,0.98
808,ÿÿÿstandard,n,49876,0.93
809,ÿÿÿbill,n,49011,0.94
810,ÿÿÿmessage,n,47533,0.97
811,ÿÿÿfail,v,47503,0.97
812,ÿÿÿoutside,i,46628,0.98
813,ÿÿÿarrive,v,47435,0.97
814,ÿÿÿanalysis,n,53840,0.85
815,ÿÿÿbenefit,n,48594,0.94
816,ÿÿÿname,v,47375,0.97
817,ÿÿÿsex,n,47827,0.95
818,ÿÿÿforward,r,47877,0.95
819,ÿÿÿlawyer,n,47853,0.95
820,ÿÿÿpresent,v,49659,0.92
821,ÿÿÿsection,n,49764,0.91
822,ÿÿÿenvironmental,j,51192,0.88
823,ÿÿÿglass,n,49686,0.91
824,ÿÿÿanswer,v,47661,0.95
825,ÿÿÿskill,n,50431,0.9
826,ÿÿÿsister,n,48183,0.94
827,ÿÿÿPM,r,54765,0.82
828,ÿÿÿprofessor,n,46575,0.97
829,ÿÿÿoperation,n,47276,0.95
830,ÿÿÿfinancial,j,47803,0.94
831,ÿÿÿcrime,n,48010,0.93
832,ÿÿÿstage,n,46346,0.97
833,ÿÿÿok,r,54697,0.82
834,ÿÿÿcompare,v,48094,0.93
835,ÿÿÿauthority,n,47309,0.94
836,ÿÿÿmiss,v,46525,0.96
837,ÿÿÿdesign,n,48605,0.92
838,ÿÿÿsort,n,47086,0.95
839,ÿÿÿone,n,45596,0.98
840,ÿÿÿact,v,45648,0.98
841,ÿÿÿten,m,46827,0.95
842,ÿÿÿknowledge,n,50335,0.88
843,ÿÿÿgun,n,47305,0.94
844,ÿÿÿstation,n,46299,0.96
845,ÿÿÿblue,j,47622,0.93
846,ÿÿÿstate,v,47977,0.93
847,ÿÿÿstrategy,n,49126,0.9
848,ÿÿÿlittle,d,45469,0.97
849,ÿÿÿclearly,r,45912,0.96
850,ÿÿÿdiscuss,v,46852,0.94
851,ÿÿÿindeed,r,46184,0.95
852,ÿÿÿforce,v,44931,0.97
853,ÿÿÿtruth,n,45155,0.97
854,ÿÿÿsong,n,45352,0.96
855,ÿÿÿexample,n,47134,0.93
856,ÿÿÿdemocratic,j,47299,0.92
857,ÿÿÿcheck,v,45760,0.95
858,ÿÿÿenvironment,n,47807,0.91
859,ÿÿÿleg,n,47477,0.91
860,ÿÿÿdark,j,47565,0.91
861,ÿÿÿpublic,n,45684,0.95
862,ÿÿÿvarious,j,46777,0.92
863,ÿÿÿrather,r,44934,0.96
864,ÿÿÿlaugh,v,48567,0.89
865,ÿÿÿguess,v,48046,0.9
866,ÿÿÿexecutive,n,47338,0.91
867,ÿÿÿset,n,45121,0.96
868,ÿÿÿstudy,v,44897,0.96
869,ÿÿÿprove,v,44304,0.97
870,ÿÿÿhang,v,46632,0.92
871,ÿÿÿentire,j,43997,0.98
872,ÿÿÿrock,n,45225,0.95
873,ÿÿÿdesign,v,45946,0.94
874,ÿÿÿenough,d,44378,0.97
875,ÿÿÿforget,v,45571,0.94
876,ÿÿÿsince,i,45591,0.94
877,ÿÿÿclaim,v,44259,0.97
878,ÿÿÿnote,n,44720,0.96
879,ÿÿÿremove,v,44683,0.96
880,ÿÿÿmanager,n,46187,0.93
881,ÿÿÿhelp,n,43721,0.98
882,ÿÿÿclose,j,43568,0.98
883,ÿÿÿsound,v,45311,0.94
884,ÿÿÿenjoy,v,44020,0.97
885,ÿÿÿnetwork,n,45122,0.94
886,ÿÿÿlegal,j,44820,0.95
887,ÿÿÿreligious,j,46425,0.91
888,ÿÿÿcold,j,44649,0.95
889,ÿÿÿform,v,44646,0.95
890,ÿÿÿfinal,j,43589,0.97
891,ÿÿÿmain,j,43707,0.97
892,ÿÿÿscience,n,45726,0.92
893,ÿÿÿgreen,j,44673,0.94
894,ÿÿÿmemory,n,43531,0.97
895,ÿÿÿcard,n,43605,0.96
896,ÿÿÿabove,i,44130,0.95
897,ÿÿÿseat,n,44404,0.95
898,ÿÿÿcell,n,44831,0.94
899,ÿÿÿestablish,v,45921,0.91
900,ÿÿÿnice,j,44792,0.93
901,ÿÿÿtrial,n,44489,0.94
902,ÿÿÿexpert,n,43898,0.95
903,ÿÿÿthat,r,43359,0.96
904,ÿÿÿspring,n,44085,0.95
905,ÿÿÿfirm,n,44704,0.93
906,ÿÿÿDemocrat,n,46905,0.88
907,ÿÿÿradio,n,43156,0.96
908,ÿÿÿvisit,v,42941,0.96
909,ÿÿÿmanagement,n,45112,0.92
910,ÿÿÿcare,v,42978,0.96
911,ÿÿÿavoid,v,42890,0.96
912,ÿÿÿimagine,v,43487,0.95
913,ÿÿÿtonight,r,47549,0.87
914,ÿÿÿhuge,j,42582,0.96
915,ÿÿÿball,n,43512,0.94
916,ÿÿÿno,u,44951,0.91
917,ÿÿÿclose,r,42826,0.95
918,ÿÿÿfinish,v,43143,0.95
919,ÿÿÿyourself,p,43401,0.94
920,ÿÿÿtalk,n,43267,0.94
921,ÿÿÿtheory,n,45553,0.9
922,ÿÿÿimpact,n,43782,0.93
923,ÿÿÿrespond,v,42139,0.96
924,ÿÿÿstatement,n,42941,0.94
925,ÿÿÿmaintain,v,43493,0.93
926,ÿÿÿcharge,n,42353,0.95
927,ÿÿÿpopular,j,42399,0.95
928,ÿÿÿtraditional,j,43681,0.92
929,ÿÿÿonto,i,43538,0.92
930,ÿÿÿreveal,v,42605,0.94
931,ÿÿÿdirection,n,41280,0.97
932,ÿÿÿweapon,n,43158,0.93
933,ÿÿÿemployee,n,42824,0.93
934,ÿÿÿcultural,j,45673,0.87
935,ÿÿÿcontain,v,42542,0.94
936,ÿÿÿpeace,n,42273,0.94
937,ÿÿÿhead,v,41658,0.95
938,ÿÿÿcontrol,v,41771,0.95
939,ÿÿÿbase,n,41154,0.96
940,ÿÿÿpain,n,41350,0.96
941,ÿÿÿapply,v,42391,0.93
942,ÿÿÿplay,n,41662,0.95
943,ÿÿÿmeasure,n,43938,0.9
944,ÿÿÿwide,j,41233,0.96
945,ÿÿÿshake,v,45160,0.87
946,ÿÿÿfly,v,41373,0.95
947,ÿÿÿinterview,n,41594,0.95
948,ÿÿÿmanage,v,40536,0.97
949,ÿÿÿchair,n,43256,0.91
950,ÿÿÿfish,n,41488,0.95
951,ÿÿÿparticular,j,42291,0.93
952,ÿÿÿcamera,n,41218,0.95
953,ÿÿÿstructure,n,43638,0.9
954,ÿÿÿpolitics,n,41758,0.94
955,ÿÿÿperform,v,41667,0.94
956,ÿÿÿbit,n,41915,0.93
957,ÿÿÿweight,n,41919,0.93
958,ÿÿÿsuddenly,r,43382,0.9
959,ÿÿÿdiscover,v,40489,0.97
960,ÿÿÿcandidate,n,43251,0.9
961,ÿÿÿtop,j,41484,0.94
962,ÿÿÿproduction,n,42052,0.93
963,ÿÿÿtreat,v,40264,0.97
964,ÿÿÿtrip,n,40423,0.96
965,ÿÿÿevening,n,40881,0.95
966,ÿÿÿaffect,v,41496,0.93
967,ÿÿÿinside,i,40856,0.95
968,ÿÿÿconference,n,40643,0.95
969,ÿÿÿunit,n,41087,0.94
970,ÿÿÿbest,r,39959,0.97
971,ÿÿÿstyle,n,40889,0.94
972,ÿÿÿadult,n,40705,0.95
973,ÿÿÿworry,v,40210,0.96
974,ÿÿÿrange,n,41326,0.93
975,ÿÿÿmention,v,39815,0.97
976,ÿÿÿrather,i,41558,0.93
977,ÿÿÿfar,j,39967,0.96
978,ÿÿÿdeep,j,40126,0.96
979,ÿÿÿpast,n,39559,0.97
980,ÿÿÿedge,n,40960,0.94
981,ÿÿÿindividual,j,42325,0.9
982,ÿÿÿspecific,j,42397,0.9
983,ÿÿÿwriter,n,39666,0.96
984,ÿÿÿtrouble,n,39659,0.96
985,ÿÿÿnecessary,j,40776,0.93
986,ÿÿÿthroughout,i,40170,0.95
987,ÿÿÿchallenge,n,40380,0.94
988,ÿÿÿfear,n,38857,0.98
989,ÿÿÿshoulder,n,42843,0.89
990,ÿÿÿinstitution,n,42153,0.9
991,ÿÿÿmiddle,j,40402,0.94
992,ÿÿÿsea,n,39516,0.96
993,ÿÿÿdream,n,39613,0.96
994,ÿÿÿbar,n,39853,0.95
995,ÿÿÿbeautiful,j,40052,0.94
996,ÿÿÿproperty,n,40027,0.94
997,ÿÿÿinstead,r,39051,0.97
998,ÿÿÿimprove,v,40214,0.94
999,ÿÿÿstuff,n,40180,0.94
1000,ÿÿÿdetail,n,38750,0.97
1001,ÿÿÿmethod,n,42667,0.88
1002,ÿÿÿsign,v,39418,0.95
1003,ÿÿÿsomebody,p,41639,0.9
1004,ÿÿÿmagazine,n,39197,0.96
1005,ÿÿÿhotel,n,39642,0.95
1006,ÿÿÿsoldier,n,39552,0.95
1007,ÿÿÿreflect,v,40687,0.92
1008,ÿÿÿheavy,j,39160,0.96
1009,ÿÿÿsexual,j,41865,0.89
1010,ÿÿÿcause,n,38843,0.96
1011,ÿÿÿbag,n,40007,0.93
1012,ÿÿÿheat,n,40363,0.92
1013,ÿÿÿfall,n,38822,0.96
1014,ÿÿÿmarriage,n,38517,0.96
1015,ÿÿÿtough,j,39600,0.94
1016,ÿÿÿsing,v,38575,0.96
1017,ÿÿÿsurface,n,39367,0.94
1018,ÿÿÿpurpose,n,40084,0.92
1019,ÿÿÿexist,v,39341,0.94
1020,ÿÿÿpattern,n,40397,0.91
1021,ÿÿÿwhom,p,37950,0.97
1022,ÿÿÿskin,n,39893,0.92
1023,ÿÿÿagent,n,38265,0.96
1024,ÿÿÿowner,n,39492,0.93
1025,ÿÿÿmachine,n,38407,0.96
1026,ÿÿÿgas,n,38194,0.96
1027,ÿÿÿdown,i,39633,0.93
1028,ÿÿÿahead,r,39705,0.92
1029,ÿÿÿgeneration,n,38323,0.96
1030,ÿÿÿcommercial,j,40608,0.9
1031,ÿÿÿaddress,v,39774,0.92
1032,ÿÿÿcancer,n,39407,0.93
1033,ÿÿÿtest,v,38644,0.95
1034,ÿÿÿitem,n,40336,0.91
1035,ÿÿÿreality,n,38397,0.95
1036,ÿÿÿcoach,n,40716,0.9
1037,ÿÿÿstep,v,39356,0.93
1038,ÿÿÿMrs,n,40545,0.9
1039,ÿÿÿyard,n,39253,0.93
1040,ÿÿÿbeat,v,38268,0.95
1041,ÿÿÿviolence,n,38474,0.94
1042,ÿÿÿtotal,j,38798,0.93
1043,ÿÿÿtend,v,38295,0.94
1044,ÿÿÿinvestment,n,38810,0.93
1045,ÿÿÿdiscussion,n,39616,0.91
1046,ÿÿÿfinger,n,40842,0.88
1047,ÿÿÿgarden,n,38800,0.93
1048,ÿÿÿnotice,v,38910,0.92
1049,ÿÿÿcollection,n,38431,0.93
1050,ÿÿÿmodern,j,38372,0.93
1051,ÿÿÿtask,n,39209,0.91
1052,ÿÿÿpartner,n,37540,0.95
1053,ÿÿÿpositive,j,39310,0.91
1054,ÿÿÿcivil,j,37742,0.95
1055,ÿÿÿkitchen,n,39332,0.91
1056,ÿÿÿconsumer,n,38079,0.94
1057,ÿÿÿshot,n,37505,0.95
1058,ÿÿÿbudget,n,39165,0.91
1059,ÿÿÿwish,v,37532,0.95
1060,ÿÿÿpainting,n,39264,0.91
1061,ÿÿÿscientist,n,37700,0.94
1062,ÿÿÿsafe,j,36547,0.97
1063,ÿÿÿagreement,n,38141,0.93
1064,ÿÿÿcapital,n,37443,0.95
1065,ÿÿÿmouth,n,40200,0.88
1066,ÿÿÿnor,c,37230,0.95
1067,ÿÿÿvictim,n,36878,0.96
1068,ÿÿÿnewspaper,n,37522,0.94
1069,ÿÿÿinstead,i,36247,0.97
1070,ÿÿÿthreat,n,37022,0.95
1071,ÿÿÿresponsibility,n,37084,0.95
1072,ÿÿÿsmile,v,41473,0.85
1073,ÿÿÿattorney,n,37959,0.92
1074,ÿÿÿscore,n,39294,0.89
1075,ÿÿÿaccount,n,36786,0.95
1076,ÿÿÿinteresting,j,37473,0.93
1077,ÿÿÿbreak,n,40348,0.86
1078,ÿÿÿaudience,n,36227,0.96
1079,ÿÿÿrich,j,35940,0.97
1080,ÿÿÿdinner,n,37156,0.94
1081,ÿÿÿfigure,v,36137,0.96
1082,ÿÿÿvote,n,39464,0.88
1083,ÿÿÿwestern,j,37389,0.93
1084,ÿÿÿrelate,v,39143,0.89
1085,ÿÿÿtravel,v,35746,0.97
1086,ÿÿÿdebate,n,37228,0.93
1087,ÿÿÿprevent,v,36421,0.95
1088,ÿÿÿcitizen,n,36408,0.95
1089,ÿÿÿmajority,n,36758,0.94
1090,ÿÿÿnone,p,35359,0.98
1091,ÿÿÿfront,i,37363,0.92
1092,ÿÿÿborn,v,35352,0.97
1093,ÿÿÿadmit,v,35143,0.97
1094,ÿÿÿsenior,j,36598,0.93
1095,ÿÿÿassume,v,35960,0.95
1096,ÿÿÿwind,n,36478,0.94
1097,ÿÿÿkey,j,36056,0.95
1098,ÿÿÿprofessional,j,36319,0.93
1099,ÿÿÿmission,n,35217,0.96
1100,ÿÿÿfast,r,35474,0.95
1101,ÿÿÿalone,r,34982,0.96
1102,ÿÿÿcustomer,n,36000,0.94
1103,ÿÿÿsuffer,v,34675,0.97
1104,ÿÿÿspeech,n,35504,0.95
1105,ÿÿÿsuccessful,j,35459,0.95
1106,ÿÿÿoption,n,35434,0.95
1107,ÿÿÿparticipant,n,41462,0.81
1108,ÿÿÿsouthern,j,35314,0.95
1109,ÿÿÿfresh,j,35974,0.93
1110,ÿÿÿeventually,r,34534,0.97
1111,ÿÿÿno,p,35016,0.96
1112,ÿÿÿforest,n,35429,0.94
1113,ÿÿÿvideo,n,35230,0.95
1114,ÿÿÿglobal,j,36381,0.92
1115,ÿÿÿSenate,n,36809,0.91
1116,ÿÿÿreform,n,36103,0.92
1117,ÿÿÿaccess,n,35310,0.94
1118,ÿÿÿrestaurant,n,35898,0.93
1119,ÿÿÿjudge,n,35464,0.94
1120,ÿÿÿpublish,v,35062,0.95
1121,ÿÿÿcost,v,34941,0.95
1122,ÿÿÿrelation,n,36963,0.89
1123,ÿÿÿlike,c,35636,0.93
1124,ÿÿÿrelease,v,34301,0.96
1125,ÿÿÿown,v,34577,0.95
1126,ÿÿÿbird,n,34835,0.94
1127,ÿÿÿopinion,n,34501,0.95
1128,ÿÿÿcredit,n,34578,0.95
1129,ÿÿÿcritical,j,35824,0.92
1130,ÿÿÿcorner,n,35496,0.93
1131,ÿÿÿconcerned,j,34331,0.96
1132,ÿÿÿrecall,v,34442,0.95
1133,ÿÿÿversion,n,34456,0.95
1134,ÿÿÿstare,v,39266,0.83
1135,ÿÿÿsafety,n,34188,0.96
1136,ÿÿÿeffective,j,35851,0.91
1137,ÿÿÿneighborhood,n,34691,0.94
1138,ÿÿÿoriginal,j,34368,0.95
1139,ÿÿÿact,n,34104,0.96
1140,ÿÿÿtroop,n,36001,0.91
1141,ÿÿÿincome,n,34925,0.93
1142,ÿÿÿdirectly,r,34090,0.96
1143,ÿÿÿhurt,v,34445,0.94
1144,ÿÿÿspecies,n,35804,0.91
1145,ÿÿÿimmediately,r,33067,0.98
1146,ÿÿÿtrack,n,33788,0.96
1147,ÿÿÿbasic,j,34788,0.93
1148,ÿÿÿstrike,v,33238,0.97
1149,ÿÿÿhope,n,33019,0.98
1150,ÿÿÿsky,n,35141,0.92
1151,ÿÿÿfreedom,n,34174,0.94
1152,ÿÿÿabsolutely,r,36740,0.88
1153,ÿÿÿplane,n,33900,0.95
1154,ÿÿÿnobody,p,34280,0.94
1155,ÿÿÿachieve,v,35166,0.92
1156,ÿÿÿobject,n,35040,0.92
1157,ÿÿÿattitude,n,35437,0.91
1158,ÿÿÿlabor,n,34400,0.93
1159,ÿÿÿrefer,v,34317,0.94
1160,ÿÿÿconcept,n,35944,0.89
1161,ÿÿÿclient,n,34027,0.94
1162,ÿÿÿpowerful,j,33151,0.97
1163,ÿÿÿperfect,j,33456,0.96
1164,ÿÿÿnine,m,32967,0.97
1165,ÿÿÿtherefore,r,35842,0.89
1166,ÿÿÿconduct,v,34909,0.91
1167,ÿÿÿannounce,v,33305,0.96
1168,ÿÿÿconversation,n,33046,0.96
1169,ÿÿÿexamine,v,35826,0.89
1170,ÿÿÿtouch,v,34737,0.92
1171,ÿÿÿplease,r,34709,0.92
1172,ÿÿÿattend,v,33380,0.95
1173,ÿÿÿcompletely,r,32550,0.98
1174,ÿÿÿvote,v,35224,0.9
1175,ÿÿÿvariety,n,34242,0.93
1176,ÿÿÿsleep,v,34801,0.91
1177,ÿÿÿturn,n,32944,0.96
1178,ÿÿÿinvolved,j,33428,0.95
1179,ÿÿÿinvestigation,n,33849,0.94
1180,ÿÿÿnuclear,j,34264,0.92
1181,ÿÿÿresearcher,n,34742,0.91
1182,ÿÿÿpress,n,33410,0.94
1183,ÿÿÿconflict,n,34710,0.91
1184,ÿÿÿspirit,n,32942,0.96
1185,ÿÿÿexperience,v,34009,0.92
1186,ÿÿÿreplace,v,32688,0.96
1187,ÿÿÿBritish,j,32929,0.95
1188,ÿÿÿencourage,v,33348,0.94
1189,ÿÿÿargument,n,33394,0.94
1190,ÿÿÿby,r,32560,0.96
1191,ÿÿÿonce,c,32180,0.97
1192,ÿÿÿcamp,n,32659,0.95
1193,ÿÿÿbrain,n,32852,0.95
1194,ÿÿÿfeature,n,33344,0.93
1195,ÿÿÿafternoon,n,33202,0.94
1196,ÿÿÿAM,r,34451,0.9
1197,ÿÿÿweekend,n,33239,0.93
1198,ÿÿÿdozen,m,32432,0.96
1199,ÿÿÿpossibility,n,32466,0.95
1200,ÿÿÿalong,r,32475,0.95
1201,ÿÿÿinsurance,n,32928,0.94
1202,ÿÿÿdepartment,n,32252,0.96
1203,ÿÿÿbattle,n,31989,0.96
1204,ÿÿÿbeginning,n,31866,0.97
1205,ÿÿÿdate,n,31467,0.98
1206,ÿÿÿgenerally,r,33191,0.93
1207,ÿÿÿAfrican,j,34557,0.89
1208,ÿÿÿvery,j,31807,0.96
1209,ÿÿÿsorry,j,34270,0.89
1210,ÿÿÿcrisis,n,32924,0.93
1211,ÿÿÿcomplete,v,32813,0.93
1212,ÿÿÿfan,n,32919,0.93
1213,ÿÿÿstick,v,32259,0.94
1214,ÿÿÿdefine,v,33958,0.9
1215,ÿÿÿeasily,r,31755,0.96
1216,ÿÿÿthrough,r,31838,0.96
1217,ÿÿÿhole,n,32302,0.94
1218,ÿÿÿelement,n,33053,0.92
1219,ÿÿÿvision,n,32358,0.94
1220,ÿÿÿstatus,n,33511,0.91
1221,ÿÿÿnormal,j,31265,0.97
1222,ÿÿÿChinese,j,32334,0.94
1223,ÿÿÿship,n,32588,0.93
1224,ÿÿÿsolution,n,32052,0.94
1225,ÿÿÿstone,n,32531,0.93
1226,ÿÿÿslowly,r,33403,0.9
1227,ÿÿÿscale,n,34375,0.88
1228,ÿÿÿbit,r,32087,0.94
1229,ÿÿÿuniversity,n,33000,0.91
1230,ÿÿÿintroduce,v,31345,0.96
1231,ÿÿÿdriver,n,31633,0.95
1232,ÿÿÿattempt,n,31944,0.94
1233,ÿÿÿpark,n,32322,0.93
1234,ÿÿÿspot,n,31612,0.95
1235,ÿÿÿlack,n,32157,0.93
1236,ÿÿÿice,n,31686,0.95
1237,ÿÿÿboat,n,32079,0.93
1238,ÿÿÿdrink,v,32078,0.93
1239,ÿÿÿsun,n,32646,0.92
1240,ÿÿÿfront,j,32087,0.93
1241,ÿÿÿdistance,n,31380,0.95
1242,ÿÿÿwood,n,31801,0.93
1243,ÿÿÿhandle,v,30634,0.97
1244,ÿÿÿtruck,n,31536,0.94
1245,ÿÿÿreturn,n,31058,0.95
1246,ÿÿÿmountain,n,31322,0.94
1247,ÿÿÿsurvey,n,32784,0.9
1248,ÿÿÿsupposed,j,31005,0.95
1249,ÿÿÿtradition,n,32110,0.92
1250,ÿÿÿwinter,n,31227,0.95
1251,ÿÿÿvillage,n,30741,0.96
1252,ÿÿÿSoviet,j,36193,0.82
1253,ÿÿÿrefuse,v,30173,0.98
1254,ÿÿÿsales,n,32145,0.91
1255,ÿÿÿroll,v,31592,0.93
1256,ÿÿÿcommunication,n,31577,0.93
1257,ÿÿÿrun,n,31325,0.94
1258,ÿÿÿscreen,n,30758,0.95
1259,ÿÿÿgain,v,30667,0.95
1260,ÿÿÿresident,n,31836,0.92
1261,ÿÿÿhide,v,31098,0.94
1262,ÿÿÿgold,n,30733,0.95
1263,ÿÿÿclub,n,30800,0.95
1264,ÿÿÿfuture,j,31494,0.92
1265,ÿÿÿfarm,n,30291,0.96
1266,ÿÿÿpotential,j,31289,0.93
1267,ÿÿÿincrease,n,31247,0.93
1268,ÿÿÿmiddle,n,30199,0.96
1269,ÿÿÿEuropean,j,31455,0.92
1270,ÿÿÿpresence,n,30624,0.95
1271,ÿÿÿindependent,j,31044,0.93
1272,ÿÿÿdistrict,n,31327,0.92
1273,ÿÿÿshape,n,30396,0.95
1274,ÿÿÿreader,n,31442,0.92
1275,ÿÿÿMs,n,31610,0.91
1276,ÿÿÿcontract,n,30906,0.93
1277,ÿÿÿcrowd,n,30542,0.94
1278,ÿÿÿChristian,j,30726,0.94
1279,ÿÿÿexpress,v,30947,0.93
1280,ÿÿÿapartment,n,31012,0.93
1281,ÿÿÿwilling,j,29635,0.97
1282,ÿÿÿstrength,n,29769,0.96
1283,ÿÿÿprevious,j,30490,0.94
1284,ÿÿÿband,n,29769,0.96
1285,ÿÿÿobviously,r,31299,0.91
1286,ÿÿÿhorse,n,30993,0.92
1287,ÿÿÿinterested,j,29155,0.98
1288,ÿÿÿtarget,n,29866,0.96
1289,ÿÿÿprison,n,30248,0.94
1290,ÿÿÿride,v,30476,0.94
1291,ÿÿÿguard,n,30159,0.94
1292,ÿÿÿterms,i,30996,0.92
1293,ÿÿÿdemand,n,30519,0.93
1294,ÿÿÿreporter,n,30416,0.93
1295,ÿÿÿdeliver,v,29169,0.97
1296,ÿÿÿtext,n,32316,0.88
1297,ÿÿÿshare,n,30752,0.92
1298,ÿÿÿtool,n,30286,0.93
1299,ÿÿÿwild,j,29473,0.96
1300,ÿÿÿvehicle,n,29421,0.96
1301,ÿÿÿobserve,v,30737,0.92
1302,ÿÿÿflight,n,29535,0.95
1303,ÿÿÿinside,r,30715,0.91
1304,ÿÿÿfacility,n,30107,0.93
1305,ÿÿÿunderstanding,n,31319,0.89
1306,ÿÿÿaverage,j,29717,0.94
1307,ÿÿÿemerge,v,29496,0.95
1308,ÿÿÿadvantage,n,29340,0.95
1309,ÿÿÿquick,j,29108,0.96
1310,ÿÿÿlight,j,29731,0.94
1311,ÿÿÿleadership,n,30047,0.93
1312,ÿÿÿearn,v,29560,0.94
1313,ÿÿÿpound,n,29946,0.93
1314,ÿÿÿbasis,n,30377,0.92
1315,ÿÿÿbright,j,29780,0.93
1316,ÿÿÿoperate,v,29345,0.95
1317,ÿÿÿguest,n,29328,0.95
1318,ÿÿÿsample,n,32436,0.86
1319,ÿÿÿcontribute,v,30090,0.92
1320,ÿÿÿtiny,j,29756,0.93
1321,ÿÿÿblock,n,28826,0.96
1322,ÿÿÿprotection,n,29336,0.94
1323,ÿÿÿsettle,v,28827,0.96
1324,ÿÿÿfeed,v,28494,0.97
1325,ÿÿÿcollect,v,28946,0.95
1326,ÿÿÿadditional,j,29771,0.93
1327,ÿÿÿwhile,n,29579,0.93
1328,ÿÿÿhighly,r,29554,0.93
1329,ÿÿÿidentity,n,31163,0.88
1330,ÿÿÿtitle,n,29210,0.94
1331,ÿÿÿmostly,r,28178,0.97
1332,ÿÿÿlesson,n,28623,0.96
1333,ÿÿÿfaith,n,28710,0.95
1334,ÿÿÿriver,n,28862,0.95
1335,ÿÿÿpromote,v,29679,0.92
1336,ÿÿÿliving,n,28736,0.95
1337,ÿÿÿpresent,j,30645,0.89
1338,ÿÿÿcount,v,28836,0.95
1339,ÿÿÿunless,c,27908,0.98
1340,ÿÿÿmarry,v,28722,0.95
1341,ÿÿÿtomorrow,r,30098,0.91
1342,ÿÿÿtechnique,n,29828,0.91
1343,ÿÿÿpath,n,28344,0.96
1344,ÿÿÿear,n,29597,0.92
1345,ÿÿÿshop,n,28589,0.95
1346,ÿÿÿfolk,n,28698,0.94
1347,ÿÿÿorder,v,27950,0.97
1348,ÿÿÿprinciple,n,30011,0.9
1349,ÿÿÿsurvive,v,27682,0.98
1350,ÿÿÿlift,v,29354,0.92
1351,ÿÿÿborder,n,28636,0.94
1352,ÿÿÿcompetition,n,28752,0.93
1353,ÿÿÿjump,v,28504,0.94
1354,ÿÿÿgather,v,27659,0.97
1355,ÿÿÿlimit,v,28901,0.93
1356,ÿÿÿfit,v,27875,0.96
1357,ÿÿÿclaim,n,28609,0.94
1358,ÿÿÿcry,v,29690,0.9
1359,ÿÿÿequipment,n,28023,0.95
1360,ÿÿÿworth,i,27687,0.97
1361,ÿÿÿassociate,v,30406,0.88
1362,ÿÿÿcritic,n,28244,0.94
1363,ÿÿÿwarm,j,28600,0.93
1364,ÿÿÿaspect,n,29460,0.9
1365,ÿÿÿresult,v,29515,0.9
1366,ÿÿÿinsist,v,27205,0.97
1367,ÿÿÿfailure,n,28234,0.94
1368,ÿÿÿannual,j,28471,0.93
1369,ÿÿÿFrench,j,27590,0.96
1370,ÿÿÿChristmas,n,28046,0.94
1371,ÿÿÿcomment,n,27712,0.95
1372,ÿÿÿresponsible,j,27569,0.96
1373,ÿÿÿaffair,n,27432,0.96
1374,ÿÿÿapproach,v,27449,0.96
1375,ÿÿÿuntil,i,27007,0.97
1376,ÿÿÿprocedure,n,29044,0.9
1377,ÿÿÿregular,j,27244,0.96
1378,ÿÿÿspread,v,27266,0.96
1379,ÿÿÿchairman,n,28560,0.92
1380,ÿÿÿbaseball,n,28551,0.92
1381,ÿÿÿsoft,j,27970,0.94
1382,ÿÿÿignore,v,27023,0.97
1383,ÿÿÿegg,n,27917,0.94
1384,ÿÿÿmeasure,v,28612,0.91
1385,ÿÿÿbelief,n,28844,0.91
1386,ÿÿÿdemonstrate,v,29170,0.9
1387,ÿÿÿanybody,p,28704,0.91
1388,ÿÿÿmurder,n,28335,0.92
1389,ÿÿÿgift,n,27050,0.96
1390,ÿÿÿreligion,n,28220,0.92
1391,ÿÿÿreview,n,28141,0.93
1392,ÿÿÿeditor,n,27734,0.94
1393,ÿÿÿpast,i,28278,0.92
1394,ÿÿÿengage,v,28194,0.92
1395,ÿÿÿcoffee,n,28331,0.92
1396,ÿÿÿdocument,n,29437,0.88
1397,ÿÿÿspeed,n,27740,0.93
1398,ÿÿÿcross,v,27524,0.94
1399,ÿÿÿinfluence,n,28387,0.91
1400,ÿÿÿanyway,r,28170,0.92
1401,ÿÿÿthreaten,v,26587,0.97
1402,ÿÿÿcommit,v,26943,0.96
1403,ÿÿÿfemale,j,27952,0.92
1404,ÿÿÿyouth,n,27755,0.93
1405,ÿÿÿwave,n,26844,0.96
1406,ÿÿÿmove,n,26717,0.96
1407,ÿÿÿafraid,j,27727,0.93
1408,ÿÿÿquarter,n,27125,0.95
1409,ÿÿÿbackground,n,26907,0.96
1410,ÿÿÿnative,j,28026,0.92
1411,ÿÿÿbroad,j,27191,0.94
1412,ÿÿÿwonderful,j,27494,0.93
1413,ÿÿÿdeny,v,26675,0.96
1414,ÿÿÿapparently,r,26513,0.97
1415,ÿÿÿslightly,r,26887,0.95
1416,ÿÿÿreaction,n,26771,0.96
1417,ÿÿÿtwice,r,26450,0.97
1418,ÿÿÿsuit,n,27066,0.95
1419,ÿÿÿperspective,n,28324,0.9
1420,ÿÿÿgrowing,j,26858,0.95
1421,ÿÿÿblow,v,27254,0.94
1422,ÿÿÿconstruction,n,27114,0.94
1423,ÿÿÿkind,r,29474,0.86
1424,ÿÿÿintelligence,n,27555,0.92
1425,ÿÿÿdestroy,v,26177,0.97
1426,ÿÿÿcook,v,27725,0.91
1427,ÿÿÿconnection,n,26552,0.95
1428,ÿÿÿcharge,v,26432,0.96
1429,ÿÿÿburn,v,26646,0.95
1430,ÿÿÿshoe,n,26945,0.94
1431,ÿÿÿview,v,27258,0.92
1432,ÿÿÿgrade,n,27178,0.92
1433,ÿÿÿcontext,n,29113,0.86
1434,ÿÿÿcommittee,n,26697,0.94
1435,ÿÿÿhey,u,27659,0.91
1436,ÿÿÿmistake,n,26080,0.96
1437,ÿÿÿfocus,n,26815,0.93
1438,ÿÿÿsmile,n,28698,0.87
1439,ÿÿÿlocation,n,26463,0.94
1440,ÿÿÿclothes,n,27033,0.92
1441,ÿÿÿIndian,j,27100,0.92
1442,ÿÿÿquiet,j,26732,0.93
1443,ÿÿÿdress,v,26669,0.93
1444,ÿÿÿpromise,v,25720,0.97
1445,ÿÿÿaware,j,25503,0.97
1446,ÿÿÿneighbor,n,25497,0.97
1447,ÿÿÿcomplete,j,25699,0.97
1448,ÿÿÿdrive,n,26373,0.94
1449,ÿÿÿfunction,n,28011,0.88
1450,ÿÿÿbone,n,26282,0.94
1451,ÿÿÿactive,j,26507,0.93
1452,ÿÿÿextend,v,25969,0.95
1453,ÿÿÿchief,j,26456,0.93
1454,ÿÿÿaverage,n,26568,0.93
1455,ÿÿÿcombine,v,26570,0.93
1456,ÿÿÿwine,n,26682,0.92
1457,ÿÿÿbelow,r,26765,0.92
1458,ÿÿÿcool,j,26279,0.94
1459,ÿÿÿvoter,n,27768,0.89
1460,ÿÿÿmean,n,28991,0.85
1461,ÿÿÿdemand,v,25207,0.97
1462,ÿÿÿlearning,n,28869,0.85
1463,ÿÿÿbus,n,25850,0.95
1464,ÿÿÿhell,n,27278,0.9
1465,ÿÿÿdangerous,j,25170,0.97
1466,ÿÿÿremind,v,25525,0.96
1467,ÿÿÿmoral,j,26980,0.91
1468,ÿÿÿUnited,j,26396,0.93
1469,ÿÿÿcategory,n,27219,0.9
1470,ÿÿÿrelatively,r,26476,0.92
1471,ÿÿÿvictory,n,26422,0.92
1472,ÿÿÿkey,n,25436,0.96
1473,ÿÿÿacademic,j,28216,0.86
1474,ÿÿÿvisit,n,25000,0.97
1475,ÿÿÿInternet,n,26983,0.9
1476,ÿÿÿhealthy,j,26009,0.94
1477,ÿÿÿfire,v,25390,0.96
1478,ÿÿÿnegative,j,26847,0.9
1479,ÿÿÿfollowing,j,26643,0.91
1480,ÿÿÿhistorical,j,27266,0.89
1481,ÿÿÿmedicine,n,25511,0.95
1482,ÿÿÿtour,n,25781,0.94
1483,ÿÿÿdepend,v,25405,0.95
1484,ÿÿÿphoto,n,25492,0.94
1485,ÿÿÿfinding,n,28246,0.85
1486,ÿÿÿgrab,v,26951,0.89
1487,ÿÿÿdirect,j,26008,0.92
1488,ÿÿÿclassroom,n,27531,0.87
1489,ÿÿÿcontact,n,25218,0.95
1490,ÿÿÿjustice,n,25377,0.95
1491,ÿÿÿparticipate,v,26500,0.91
1492,ÿÿÿdaily,j,25179,0.95
1493,ÿÿÿfair,j,25064,0.96
1494,ÿÿÿpair,n,25289,0.95
1495,ÿÿÿfamous,j,24631,0.97
1496,ÿÿÿexercise,n,25934,0.92
1497,ÿÿÿknee,n,25912,0.92
1498,ÿÿÿflower,n,25642,0.93
1499,ÿÿÿtape,n,25730,0.93
1500,ÿÿÿhire,v,25073,0.95
1501,ÿÿÿfamiliar,j,24515,0.97
1502,ÿÿÿappropriate,j,26237,0.91
1503,ÿÿÿsupply,n,24920,0.96
1504,ÿÿÿfully,r,24842,0.96
1505,ÿÿÿcut,n,25327,0.94
1506,ÿÿÿwill,n,24351,0.98
1507,ÿÿÿactor,n,24848,0.96
1508,ÿÿÿbirth,n,24515,0.97
1509,ÿÿÿsearch,n,27087,0.87
1510,ÿÿÿtie,v,24408,0.97
1511,ÿÿÿdemocracy,n,26039,0.91
1512,ÿÿÿeastern,j,25103,0.94
1513,ÿÿÿprimary,j,26043,0.9
1514,ÿÿÿyesterday,r,26215,0.9
1515,ÿÿÿcircle,n,24735,0.95
1516,ÿÿÿdevice,n,24918,0.94
1517,ÿÿÿprogress,n,24645,0.95
1518,ÿÿÿnext,i,25720,0.91
1519,ÿÿÿfront,n,24402,0.96
1520,ÿÿÿbottom,n,24653,0.95
1521,ÿÿÿisland,n,24311,0.96
1522,ÿÿÿexchange,n,24826,0.94
1523,ÿÿÿclean,j,24325,0.96
1524,ÿÿÿstudio,n,24765,0.94
1525,ÿÿÿtrain,v,23990,0.97
1526,ÿÿÿlady,n,25436,0.92
1527,ÿÿÿcolleague,n,24370,0.95
1528,ÿÿÿapplication,n,25735,0.9
1529,ÿÿÿneck,n,25716,0.9
1530,ÿÿÿlean,v,26896,0.86
1531,ÿÿÿdamage,n,24155,0.96
1532,ÿÿÿplastic,n,24563,0.94
1533,ÿÿÿtall,j,25304,0.92
1534,ÿÿÿplate,n,24592,0.94
1535,ÿÿÿhate,v,24921,0.93
1536,ÿÿÿotherwise,r,23793,0.97
1537,ÿÿÿwriting,n,24995,0.92
1538,ÿÿÿpress,v,24716,0.93
1539,ÿÿÿmale,j,24873,0.93
1540,ÿÿÿstart,n,24071,0.96
1541,ÿÿÿalive,j,24184,0.95
1542,ÿÿÿexpression,n,24748,0.93
1543,ÿÿÿfootball,n,25271,0.91
1544,ÿÿÿintend,v,23554,0.97
1545,ÿÿÿattack,v,23971,0.95
1546,ÿÿÿchicken,n,24465,0.93
1547,ÿÿÿarmy,n,23929,0.95
1548,ÿÿÿabuse,n,24534,0.93
1549,ÿÿÿtheater,n,24447,0.93
1550,ÿÿÿshut,v,24773,0.92
1551,ÿÿÿmap,n,23666,0.96
1552,ÿÿÿextra,j,24006,0.95
1553,ÿÿÿsession,n,24010,0.95
1554,ÿÿÿdanger,n,23244,0.97
1555,ÿÿÿwelcome,v,25241,0.9
1556,ÿÿÿdomestic,j,24313,0.93
1557,ÿÿÿlots,p,23750,0.95
1558,ÿÿÿliterature,n,26254,0.86
1559,ÿÿÿrain,n,24134,0.93
1560,ÿÿÿdesire,n,23994,0.94
1561,ÿÿÿassessment,n,26318,0.85
1562,ÿÿÿinjury,n,23935,0.94
1563,ÿÿÿrespect,n,23274,0.96
1564,ÿÿÿnorthern,j,23783,0.94
1565,ÿÿÿnod,v,27283,0.82
1566,ÿÿÿpaint,v,24038,0.93
1567,ÿÿÿfuel,n,23934,0.94
1568,ÿÿÿleaf,n,24044,0.93
1569,ÿÿÿdirect,v,23298,0.96
1570,ÿÿÿdry,j,23809,0.94
1571,ÿÿÿRussian,j,23739,0.94
1572,ÿÿÿinstruction,n,25190,0.89
1573,ÿÿÿfight,n,23211,0.96
1574,ÿÿÿpool,n,23346,0.96
1575,ÿÿÿclimb,v,24367,0.92
1576,ÿÿÿsweet,j,23843,0.94
1577,ÿÿÿlead,n,23301,0.96
1578,ÿÿÿengine,n,23617,0.94
1579,ÿÿÿfourth,m,23227,0.96
1580,ÿÿÿsalt,n,24711,0.9
1581,ÿÿÿexpand,v,23417,0.94
1582,ÿÿÿimportance,n,24946,0.89
1583,ÿÿÿmetal,n,23317,0.95
1584,ÿÿÿfat,n,24844,0.89
1585,ÿÿÿticket,n,23902,0.92
1586,ÿÿÿsoftware,n,23954,0.92
1587,ÿÿÿdisappear,v,23389,0.94
1588,ÿÿÿcorporate,j,23621,0.93
1589,ÿÿÿstrange,j,23744,0.93
1590,ÿÿÿlip,n,25250,0.87
1591,ÿÿÿreading,n,23919,0.92
1592,ÿÿÿurban,j,23889,0.92
1593,ÿÿÿmental,j,23650,0.93
1594,ÿÿÿincreasingly,r,23529,0.93
1595,ÿÿÿlunch,n,23220,0.94
1596,ÿÿÿeducational,j,25282,0.87
1597,ÿÿÿsomewhere,r,23527,0.93
1598,ÿÿÿfarmer,n,23005,0.95
1599,ÿÿÿabove,r,23866,0.92
1600,ÿÿÿsugar,n,24310,0.9
1601,ÿÿÿplanet,n,23567,0.93
1602,ÿÿÿfavorite,j,23159,0.94
1603,ÿÿÿexplore,v,23744,0.92
1604,ÿÿÿobtain,v,24538,0.89
1605,ÿÿÿenemy,n,22621,0.97
1606,ÿÿÿgreatest,j,22673,0.96
1607,ÿÿÿcomplex,j,23751,0.92
1608,ÿÿÿsurround,v,22391,0.97
1609,ÿÿÿathlete,n,23868,0.91
1610,ÿÿÿinvite,v,22158,0.98
1611,ÿÿÿrepeat,v,22622,0.96
1612,ÿÿÿcarefully,r,22837,0.95
1613,ÿÿÿsoul,n,22713,0.96
1614,ÿÿÿscientific,j,23691,0.92
1615,ÿÿÿimpossible,j,22233,0.98
1616,ÿÿÿpanel,n,22529,0.96
1617,ÿÿÿmeaning,n,24064,0.9
1618,ÿÿÿmom,n,23450,0.92
1619,ÿÿÿmarried,j,22352,0.97
1620,ÿÿÿalone,j,23106,0.93
1621,ÿÿÿinstrument,n,23831,0.91
1622,ÿÿÿpredict,v,22942,0.94
1623,ÿÿÿweather,n,22586,0.95
1624,ÿÿÿpresidential,j,24057,0.89
1625,ÿÿÿemotional,j,22773,0.94
1626,ÿÿÿcommitment,n,23152,0.93
1627,ÿÿÿSupreme,j,23904,0.9
1628,ÿÿÿbear,v,22190,0.97
1629,ÿÿÿpocket,n,23580,0.91
1630,ÿÿÿthin,j,23194,0.92
1631,ÿÿÿtemperature,n,23111,0.93
1632,ÿÿÿsurprise,n,22275,0.96
1633,ÿÿÿpoll,n,24009,0.89
1634,ÿÿÿproposal,n,22830,0.94
1635,ÿÿÿconsequence,n,23307,0.92
1636,ÿÿÿhalf,n,22029,0.97
1637,ÿÿÿbreath,n,24668,0.87
1638,ÿÿÿsight,n,22878,0.93
1639,ÿÿÿcover,n,22301,0.96
1640,ÿÿÿbalance,n,22243,0.96
1641,ÿÿÿadopt,v,22880,0.93
1642,ÿÿÿminority,n,23167,0.92
1643,ÿÿÿstraight,r,22929,0.93
1644,ÿÿÿattempt,v,22758,0.93
1645,ÿÿÿconnect,v,22100,0.96
1646,ÿÿÿworks,n,22722,0.93
1647,ÿÿÿteaching,n,24387,0.87
1648,ÿÿÿbelong,v,21856,0.97
1649,ÿÿÿaid,n,22642,0.93
1650,ÿÿÿadvice,n,21970,0.96
1651,ÿÿÿokay,r,24243,0.87
1652,ÿÿÿphotograph,n,22016,0.96
1653,ÿÿÿempty,j,23365,0.9
1654,ÿÿÿregional,j,23182,0.91
1655,ÿÿÿtrail,n,23030,0.91
1656,ÿÿÿnovel,n,22392,0.94
1657,ÿÿÿcode,n,22015,0.95
1658,ÿÿÿsomehow,r,22267,0.94
1659,ÿÿÿorganize,v,22389,0.94
1660,ÿÿÿjury,n,24072,0.87
1661,ÿÿÿbreast,n,22362,0.94
1662,ÿÿÿIraqi,j,25446,0.82
1663,ÿÿÿhuman,n,22022,0.95
1664,ÿÿÿacknowledge,v,21983,0.95
1665,ÿÿÿtheme,n,22494,0.93
1666,ÿÿÿstorm,n,22562,0.93
1667,ÿÿÿunion,n,22380,0.93
1668,ÿÿÿrecord,v,21939,0.95
1669,ÿÿÿdesk,n,23455,0.89
1670,ÿÿÿfear,v,21333,0.98
1671,ÿÿÿthanks,n,23061,0.9
1672,ÿÿÿfruit,n,22401,0.93
1673,ÿÿÿunder,r,21521,0.97
1674,ÿÿÿexpensive,j,21706,0.96
1675,ÿÿÿyellow,j,22452,0.93
1676,ÿÿÿconclusion,n,23034,0.9
1677,ÿÿÿprime,j,22075,0.94
1678,ÿÿÿshadow,n,22803,0.91
1679,ÿÿÿstruggle,v,21370,0.97
1680,ÿÿÿconclude,v,22247,0.93
1681,ÿÿÿanalyst,n,22662,0.91
1682,ÿÿÿdance,n,21799,0.95
1683,ÿÿÿlimit,n,21714,0.95
1684,ÿÿÿlike,j,21723,0.95
1685,ÿÿÿregulation,n,22479,0.92
1686,ÿÿÿbeing,n,21695,0.95
1687,ÿÿÿlast,v,21219,0.97
1688,ÿÿÿring,n,21873,0.94
1689,ÿÿÿlargely,r,22097,0.93
1690,ÿÿÿshift,v,21323,0.96
1691,ÿÿÿrevenue,n,22445,0.92
1692,ÿÿÿmark,v,21236,0.97
1693,ÿÿÿlocate,v,21843,0.94
1694,ÿÿÿcounty,n,22675,0.9
1695,ÿÿÿappearance,n,21146,0.97
1696,ÿÿÿpackage,n,21665,0.95
1697,ÿÿÿdifficulty,n,22288,0.92
1698,ÿÿÿbridge,n,21497,0.95
1699,ÿÿÿrecommend,v,21707,0.94
1700,ÿÿÿobvious,j,21052,0.97
1701,ÿÿÿtrain,n,21766,0.94
1702,ÿÿÿbasically,r,23265,0.88
1703,ÿÿÿe-mail,n,22467,0.91
1704,ÿÿÿgenerate,v,22213,0.92
1705,ÿÿÿanymore,r,21771,0.94
1706,ÿÿÿpropose,v,21691,0.94
1707,ÿÿÿthinking,n,21663,0.94
1708,ÿÿÿpossibly,r,20953,0.97
1709,ÿÿÿtrend,n,21894,0.93
1710,ÿÿÿvisitor,n,21490,0.95
1711,ÿÿÿloan,n,22324,0.91
1712,ÿÿÿcurrently,r,21636,0.94
1713,ÿÿÿcomfortable,j,21101,0.96
1714,ÿÿÿinvestor,n,22410,0.91
1715,ÿÿÿbut,i,20961,0.97
1716,ÿÿÿprofit,n,21754,0.93
1717,ÿÿÿangry,j,21485,0.94
1718,ÿÿÿcrew,n,21238,0.95
1719,ÿÿÿdeep,r,21413,0.95
1720,ÿÿÿaccident,n,20964,0.97
1721,ÿÿÿmale,n,22398,0.9
1722,ÿÿÿmeal,n,21556,0.94
1723,ÿÿÿhearing,n,21560,0.94
1724,ÿÿÿtraffic,n,21296,0.95
1725,ÿÿÿmuscle,n,21931,0.92
1726,ÿÿÿnotion,n,21801,0.93
1727,ÿÿÿcapture,v,21018,0.96
1728,ÿÿÿprefer,v,20946,0.96
1729,ÿÿÿtruly,r,20576,0.98
1730,ÿÿÿearth,n,21350,0.94
1731,ÿÿÿJapanese,j,21800,0.92
1732,ÿÿÿchest,n,22508,0.89
1733,ÿÿÿsearch,v,20943,0.96
1734,ÿÿÿthick,j,21932,0.92
1735,ÿÿÿcash,n,21343,0.94
1736,ÿÿÿmuseum,n,21715,0.93
1737,ÿÿÿbeauty,n,21060,0.95
1738,ÿÿÿemergency,n,20796,0.96
1739,ÿÿÿunique,j,21436,0.93
1740,ÿÿÿfeature,v,21678,0.92
1741,ÿÿÿinternal,j,22025,0.91
1742,ÿÿÿethnic,j,22632,0.88
1743,ÿÿÿlink,v,21335,0.94
1744,ÿÿÿstress,n,21813,0.92
1745,ÿÿÿcontent,n,21821,0.91
1746,ÿÿÿselect,v,21617,0.92
1747,ÿÿÿroot,n,20774,0.96
1748,ÿÿÿnose,n,21938,0.91
1749,ÿÿÿdeclare,v,20550,0.97
1750,ÿÿÿoutside,r,21556,0.92
1751,ÿÿÿappreciate,v,20806,0.95
1752,ÿÿÿactual,j,21321,0.93
1753,ÿÿÿbottle,n,21569,0.92
1754,ÿÿÿhardly,r,20757,0.95
1755,ÿÿÿsetting,n,22004,0.9
1756,ÿÿÿlaunch,v,20767,0.95
1757,ÿÿÿdress,n,21362,0.92
1758,ÿÿÿfile,n,20832,0.95
1759,ÿÿÿsick,j,20906,0.94
1760,ÿÿÿoutcome,n,22721,0.87
1761,ÿÿÿad,n,21064,0.93
1762,ÿÿÿdefend,v,20510,0.96
1763,ÿÿÿmatter,v,20534,0.96
1764,ÿÿÿjudge,v,20320,0.97
1765,ÿÿÿduty,n,20204,0.97
1766,ÿÿÿsheet,n,20787,0.94
1767,ÿÿÿought,v,21552,0.91
1768,ÿÿÿensure,v,21341,0.92
1769,ÿÿÿCatholic,j,20866,0.94
1770,ÿÿÿextremely,r,20310,0.96
1771,ÿÿÿextent,n,21727,0.9
1772,ÿÿÿcomponent,n,22085,0.88
1773,ÿÿÿmix,v,20642,0.95
1774,ÿÿÿlong-term,j,20841,0.94
1775,ÿÿÿslow,j,20404,0.96
1776,ÿÿÿcontrast,n,21581,0.91
1777,ÿÿÿzone,n,20472,0.95
1778,ÿÿÿwake,v,21330,0.91
1779,ÿÿÿchallenge,v,20510,0.95
1780,ÿÿÿairport,n,20897,0.93
1781,ÿÿÿchief,n,20453,0.95
1782,ÿÿÿbrown,j,21175,0.92
1783,ÿÿÿstandard,j,20917,0.93
1784,ÿÿÿshirt,n,21486,0.9
1785,ÿÿÿpilot,n,20192,0.96
1786,ÿÿÿwarn,v,19996,0.97
1787,ÿÿÿultimately,r,20387,0.95
1788,ÿÿÿcat,n,21135,0.92
1789,ÿÿÿcontribution,n,20912,0.92
1790,ÿÿÿcapacity,n,21102,0.92
1791,ÿÿÿourselves,p,19926,0.97
1792,ÿÿÿestate,n,20673,0.93
1793,ÿÿÿguide,n,20646,0.93
1794,ÿÿÿcircumstance,n,20310,0.95
1795,ÿÿÿsnow,n,21011,0.92
1796,ÿÿÿEnglish,j,20235,0.95
1797,ÿÿÿpolitician,n,20360,0.95
1798,ÿÿÿsteal,v,20296,0.95
1799,ÿÿÿpursue,v,20136,0.96
1800,ÿÿÿslip,v,21233,0.91
1801,ÿÿÿpercentage,n,20774,0.92
1802,ÿÿÿmeat,n,20271,0.95
1803,ÿÿÿfunny,j,20399,0.94
1804,ÿÿÿneither,r,20100,0.95
1805,ÿÿÿsoil,n,20916,0.91
1806,ÿÿÿinfluence,v,21448,0.89
1807,ÿÿÿsurgery,n,20118,0.95
1808,ÿÿÿcorrect,j,20613,0.93
1809,ÿÿÿJewish,j,20196,0.94
1810,ÿÿÿblame,v,19798,0.96
1811,ÿÿÿestimate,v,20474,0.93
1812,ÿÿÿdue,i,21141,0.9
1813,ÿÿÿbasketball,n,20955,0.91
1814,ÿÿÿlate,r,19727,0.96
1815,ÿÿÿgolf,n,20979,0.91
1816,ÿÿÿinvestigate,v,20117,0.94
1817,ÿÿÿcrazy,j,20345,0.93
1818,ÿÿÿsignificantly,r,22038,0.86
1819,ÿÿÿchain,n,19688,0.96
1820,ÿÿÿaddress,n,19564,0.97
1821,ÿÿÿbranch,n,19633,0.96
1822,ÿÿÿcombination,n,20026,0.94
1823,ÿÿÿjust,j,20096,0.94
1824,ÿÿÿfrequently,r,20508,0.92
1825,ÿÿÿgovernor,n,20802,0.91
1826,ÿÿÿrelief,n,19493,0.97
1827,ÿÿÿuser,n,20681,0.91
1828,ÿÿÿdad,n,20164,0.94
1829,ÿÿÿkick,v,20092,0.94
1830,ÿÿÿpart,r,19900,0.95
1831,ÿÿÿmanner,n,20012,0.94
1832,ÿÿÿancient,j,19818,0.95
1833,ÿÿÿsilence,n,21169,0.89
1834,ÿÿÿrating,n,20413,0.92
1835,ÿÿÿgolden,j,19852,0.95
1836,ÿÿÿmotion,n,19649,0.95
1837,ÿÿÿGerman,j,20096,0.93
1838,ÿÿÿgender,n,22190,0.85
1839,ÿÿÿsolve,v,19501,0.96
1840,ÿÿÿfee,n,20263,0.93
1841,ÿÿÿlandscape,n,20171,0.93
1842,ÿÿÿused,j,19130,0.98
1843,ÿÿÿbowl,n,20662,0.91
1844,ÿÿÿequal,j,19952,0.94
1845,ÿÿÿlong,c,19227,0.97
1846,ÿÿÿofficial,j,19628,0.95
1847,ÿÿÿforth,r,19531,0.96
1848,ÿÿÿframe,n,20016,0.93
1849,ÿÿÿtypical,j,19724,0.95
1850,ÿÿÿexcept,i,19594,0.95
1851,ÿÿÿconservative,j,19778,0.94
1852,ÿÿÿeliminate,v,19773,0.94
1853,ÿÿÿhost,n,19389,0.96
1854,ÿÿÿhall,n,20236,0.92
1855,ÿÿÿtrust,v,19482,0.95
1856,ÿÿÿocean,n,19421,0.96
1857,ÿÿÿscore,v,20391,0.91
1858,ÿÿÿrow,n,19519,0.95
1859,ÿÿÿproducer,n,19679,0.94
1860,ÿÿÿafford,v,19035,0.97
1861,ÿÿÿmeanwhile,r,19504,0.95
1862,ÿÿÿregime,n,21101,0.88
1863,ÿÿÿdivision,n,19772,0.94
1864,ÿÿÿconfirm,v,19327,0.96
1865,ÿÿÿfix,v,19349,0.96
1866,ÿÿÿappeal,n,19561,0.95
1867,ÿÿÿmirror,n,20081,0.92
1868,ÿÿÿtooth,n,20515,0.9
1869,ÿÿÿsmart,j,19370,0.95
1870,ÿÿÿlength,n,19624,0.94
1871,ÿÿÿentirely,r,19075,0.97
1872,ÿÿÿrely,v,19614,0.94
1873,ÿÿÿtopic,n,20640,0.89
1874,ÿÿÿcomplain,v,19102,0.97
1875,ÿÿÿissue,v,19300,0.95
1876,ÿÿÿvariable,n,22868,0.81
1877,ÿÿÿback,v,19213,0.96
1878,ÿÿÿrange,v,20067,0.92
1879,ÿÿÿtelephone,n,19311,0.95
1880,ÿÿÿperception,n,21086,0.87
1881,ÿÿÿattract,v,19197,0.96
1882,ÿÿÿconfidence,n,18955,0.97
1883,ÿÿÿbedroom,n,20387,0.9
1884,ÿÿÿsecret,n,19125,0.96
1885,ÿÿÿdebt,n,19506,0.94
1886,ÿÿÿrare,j,18978,0.97
1887,ÿÿÿhis,p,19663,0.93
1888,ÿÿÿtank,n,19158,0.95
1889,ÿÿÿnurse,n,19385,0.94
1890,ÿÿÿcoverage,n,19522,0.94
1891,ÿÿÿopposition,n,19847,0.92
1892,ÿÿÿaside,r,19056,0.96
1893,ÿÿÿanywhere,r,18970,0.96
1894,ÿÿÿbond,n,19856,0.92
1895,ÿÿÿfile,v,19416,0.94
1896,ÿÿÿpleasure,n,19099,0.96
1897,ÿÿÿmaster,n,18880,0.96
1898,ÿÿÿera,n,19209,0.95
1899,ÿÿÿrequirement,n,20358,0.89
1900,ÿÿÿcheck,n,18764,0.97
1901,ÿÿÿstand,n,18910,0.96
1902,ÿÿÿfun,n,18984,0.96
1903,ÿÿÿexpectation,n,19603,0.92
1904,ÿÿÿwing,n,19028,0.95
1905,ÿÿÿseparate,j,19064,0.95
1906,ÿÿÿnow,c,19126,0.95
1907,ÿÿÿclear,v,19013,0.95
1908,ÿÿÿstruggle,n,19014,0.95
1909,ÿÿÿmean,j,19792,0.91
1910,ÿÿÿsomewhat,r,18801,0.96
1911,ÿÿÿpour,v,19300,0.93
1912,ÿÿÿstir,v,20174,0.89
1913,ÿÿÿjudgment,n,19315,0.93
1914,ÿÿÿclean,v,18766,0.96
1915,ÿÿÿexcept,c,18857,0.95
1916,ÿÿÿbeer,n,19349,0.93
1917,ÿÿÿEnglish,n,18719,0.96
1918,ÿÿÿreference,n,19559,0.92
1919,ÿÿÿtear,n,19819,0.9
1920,ÿÿÿdoubt,n,18542,0.97
1921,ÿÿÿgrant,v,18598,0.96
1922,ÿÿÿseriously,r,18328,0.98
1923,ÿÿÿaccount,v,19403,0.92
1924,ÿÿÿminister,n,19154,0.93
1925,ÿÿÿtotally,r,18720,0.95
1926,ÿÿÿhero,n,18348,0.97
1927,ÿÿÿindustrial,j,19413,0.92
1928,ÿÿÿcloud,n,19214,0.92
1929,ÿÿÿstretch,v,19014,0.93
1930,ÿÿÿwinner,n,19216,0.92
1931,ÿÿÿvolume,n,18989,0.93
1932,ÿÿÿtravel,n,18634,0.95
1933,ÿÿÿseed,n,19079,0.93
1934,ÿÿÿsurprised,j,18822,0.94
1935,ÿÿÿrest,v,18915,0.94
1936,ÿÿÿfashion,n,18483,0.96
1937,ÿÿÿpepper,n,20220,0.87
1938,ÿÿÿseparate,v,18251,0.97
1939,ÿÿÿbusy,j,18500,0.95
1940,ÿÿÿintervention,n,21021,0.84
1941,ÿÿÿcopy,n,18244,0.97
1942,ÿÿÿtip,n,18868,0.93
1943,ÿÿÿbelow,i,18353,0.96
1944,ÿÿÿcheap,j,18371,0.96
1945,ÿÿÿaim,v,18194,0.97
1946,ÿÿÿcite,v,19011,0.93
1947,ÿÿÿwelfare,n,19580,0.9
1948,ÿÿÿvegetable,n,19363,0.91
1949,ÿÿÿgray,j,19408,0.9
1950,ÿÿÿdish,n,18887,0.93
1951,ÿÿÿbeach,n,18451,0.95
1952,ÿÿÿimprovement,n,18977,0.92
1953,ÿÿÿeverywhere,r,18126,0.96
1954,ÿÿÿopening,n,18058,0.97
1955,ÿÿÿoverall,j,19031,0.92
1956,ÿÿÿdivide,v,18337,0.95
1957,ÿÿÿinitial,j,19019,0.92
1958,ÿÿÿterrible,j,18659,0.93
1959,ÿÿÿoppose,v,18484,0.94
1960,ÿÿÿcontemporary,j,19293,0.9
1961,ÿÿÿroute,n,18313,0.95
1962,ÿÿÿmultiple,j,19512,0.89
1963,ÿÿÿessential,j,19030,0.91
1964,ÿÿÿquestion,v,17924,0.97
1965,ÿÿÿleague,n,19766,0.88
1966,ÿÿÿcriminal,j,18424,0.94
1967,ÿÿÿcareful,j,17885,0.97
1968,ÿÿÿcore,n,18571,0.93
1969,ÿÿÿupper,j,18196,0.95
1970,ÿÿÿrush,v,18561,0.93
1971,ÿÿÿnecessarily,r,18334,0.94
1972,ÿÿÿspecifically,r,18873,0.92
1973,ÿÿÿtired,j,18597,0.93
1974,ÿÿÿrise,n,18055,0.96
1975,ÿÿÿtie,n,17787,0.97
1976,ÿÿÿemploy,v,18912,0.91
1977,ÿÿÿholiday,n,18299,0.94
1978,ÿÿÿdance,v,18263,0.94
1979,ÿÿÿvast,j,17836,0.96
1980,ÿÿÿresolution,n,18922,0.91
1981,ÿÿÿhousehold,n,18450,0.93
1982,ÿÿÿfewer,d,18223,0.94
1983,ÿÿÿabortion,n,18925,0.91
1984,ÿÿÿapart,r,17872,0.96
1985,ÿÿÿwitness,n,18920,0.91
1986,ÿÿÿmatch,v,17788,0.97
1987,ÿÿÿbarely,r,18533,0.93
1988,ÿÿÿsector,n,19103,0.9
1989,ÿÿÿrepresentative,n,18189,0.94
1990,ÿÿÿlack,v,18215,0.94
1991,ÿÿÿbeneath,i,19047,0.9
1992,ÿÿÿbeside,i,19952,0.86
1993,ÿÿÿblack,n,18441,0.93
1994,ÿÿÿincident,n,17880,0.96
1995,ÿÿÿlimited,j,18532,0.92
1996,ÿÿÿproud,j,17841,0.96
1997,ÿÿÿflow,n,18469,0.92
1998,ÿÿÿfaculty,n,20104,0.85
1999,ÿÿÿincreased,j,18984,0.9
2000,ÿÿÿwaste,n,19069,0.89
2001,ÿÿÿmerely,r,18094,0.94
2002,ÿÿÿmass,n,18107,0.94
2003,ÿÿÿemphasize,v,18933,0.9
2004,ÿÿÿexperiment,n,18440,0.92
2005,ÿÿÿdefinitely,r,18214,0.93
2006,ÿÿÿbomb,n,18284,0.93
2007,ÿÿÿenormous,j,17482,0.97
2008,ÿÿÿtone,n,17954,0.95
2009,ÿÿÿliberal,j,18228,0.93
2010,ÿÿÿmassive,j,17551,0.97
2011,ÿÿÿengineer,n,17991,0.94
2012,ÿÿÿwheel,n,18296,0.93
2013,ÿÿÿfemale,n,18932,0.9
2014,ÿÿÿdecline,v,18058,0.94
2015,ÿÿÿinvest,v,18080,0.94
2016,ÿÿÿpromise,n,17342,0.98
2017,ÿÿÿcable,n,18277,0.93
2018,ÿÿÿtowards,i,18305,0.93
2019,ÿÿÿexpose,v,17581,0.96
2020,ÿÿÿrural,j,18665,0.91
2021,ÿÿÿAIDS,n,19384,0.87
2022,ÿÿÿJew,n,17893,0.95
2023,ÿÿÿnarrow,j,17840,0.95
2024,ÿÿÿcream,n,18443,0.92
2025,ÿÿÿsecretary,n,17922,0.94
2026,ÿÿÿgate,n,17999,0.94
2027,ÿÿÿsolid,j,17675,0.96
2028,ÿÿÿhill,n,18131,0.93
2029,ÿÿÿtypically,r,18254,0.92
2030,ÿÿÿnoise,n,18024,0.93
2031,ÿÿÿgrass,n,18139,0.93
2032,ÿÿÿunfortunately,r,17482,0.96
2033,ÿÿÿhat,n,18198,0.92
2034,ÿÿÿlegislation,n,17934,0.94
2035,ÿÿÿsucceed,v,17423,0.96
2036,ÿÿÿeither,d,17257,0.97
2037,ÿÿÿcelebrate,v,17421,0.96
2038,ÿÿÿachievement,n,18998,0.88
2039,ÿÿÿfishing,n,18103,0.93
2040,ÿÿÿdrink,n,18227,0.92
2041,ÿÿÿaccuse,v,17778,0.94
2042,ÿÿÿhand,v,18231,0.92
2043,ÿÿÿuseful,j,18205,0.92
2044,ÿÿÿland,v,17401,0.96
2045,ÿÿÿsecret,j,17305,0.96
2046,ÿÿÿreject,v,17656,0.94
2047,ÿÿÿtalent,n,17474,0.95
2048,ÿÿÿtaste,n,17409,0.96
2049,ÿÿÿcharacteristic,n,19621,0.85
2050,ÿÿÿmilk,n,17812,0.93
2051,ÿÿÿescape,v,17195,0.97
2052,ÿÿÿcast,v,17163,0.97
2053,ÿÿÿsentence,n,17162,0.97
2054,ÿÿÿunusual,j,16997,0.97
2055,ÿÿÿclosely,r,17220,0.96
2056,ÿÿÿconvince,v,16948,0.98
2057,ÿÿÿheight,n,17403,0.95
2058,ÿÿÿphysician,n,17707,0.93
2059,ÿÿÿassess,v,19220,0.86
2060,ÿÿÿsleep,n,17882,0.92
2061,ÿÿÿplenty,p,17445,0.95
2062,ÿÿÿride,n,17654,0.93
2063,ÿÿÿvirtually,r,17426,0.94
2064,ÿÿÿfirst,r,17332,0.95
2065,ÿÿÿaddition,i,17641,0.93
2066,ÿÿÿsharp,j,17403,0.94
2067,ÿÿÿcreative,j,17597,0.93
2068,ÿÿÿlower,v,17206,0.95
2069,ÿÿÿbehind,r,17347,0.95
2070,ÿÿÿapprove,v,17329,0.95
2071,ÿÿÿexplanation,n,17712,0.92
2072,ÿÿÿoutside,j,16797,0.97
2073,ÿÿÿgay,j,17428,0.94
2074,ÿÿÿcampus,n,17541,0.93
2075,ÿÿÿproper,j,17024,0.96
2076,ÿÿÿlive,j,17365,0.94
2077,ÿÿÿguilty,j,17596,0.93
2078,ÿÿÿliving,j,16823,0.97
2079,ÿÿÿacquire,v,17435,0.93
2080,ÿÿÿcompete,v,17264,0.94
2081,ÿÿÿtechnical,j,17594,0.92
2082,ÿÿÿplus,i,17202,0.94
2083,ÿÿÿmind,v,17378,0.93
2084,ÿÿÿpotential,n,17523,0.92
2085,ÿÿÿimmigrant,n,17615,0.92
2086,ÿÿÿweak,j,16628,0.97
2087,ÿÿÿillegal,j,17258,0.94
2088,ÿÿÿhi,u,18910,0.85
2089,ÿÿÿalternative,n,17197,0.94
2090,ÿÿÿinteraction,n,19144,0.84
2091,ÿÿÿcolumn,n,16810,0.96
2092,ÿÿÿpersonality,n,16933,0.95
2093,ÿÿÿsignal,n,16835,0.95
2094,ÿÿÿcurriculum,n,19193,0.84
2095,ÿÿÿlist,v,17006,0.94
2096,ÿÿÿhonor,n,16686,0.96
2097,ÿÿÿpassenger,n,16933,0.95
2098,ÿÿÿassistance,n,17396,0.92
2099,ÿÿÿforever,r,16890,0.95
2100,ÿÿÿfun,j,16932,0.94
2101,ÿÿÿregard,v,16890,0.94
2102,ÿÿÿIsraeli,j,17967,0.89
2103,ÿÿÿassociation,n,17759,0.9
2104,ÿÿÿtwenty,m,17491,0.91
2105,ÿÿÿknock,v,17146,0.93
2106,ÿÿÿreview,v,16916,0.94
2107,ÿÿÿwrap,v,17073,0.93
2108,ÿÿÿlab,n,16498,0.96
2109,ÿÿÿoffer,n,16612,0.95
2110,ÿÿÿdisplay,v,16806,0.94
2111,ÿÿÿcriticism,n,17049,0.93
2112,ÿÿÿasset,n,16977,0.93
2113,ÿÿÿdepression,n,16976,0.93
2114,ÿÿÿspiritual,j,17074,0.92
2115,ÿÿÿmusical,j,16931,0.93
2116,ÿÿÿjournalist,n,16858,0.93
2117,ÿÿÿprayer,n,16296,0.97
2118,ÿÿÿsuspect,v,16194,0.97
2119,ÿÿÿscholar,n,17482,0.9
2120,ÿÿÿwarning,n,16205,0.97
2121,ÿÿÿclimate,n,17189,0.91
2122,ÿÿÿcheese,n,17416,0.9
2123,ÿÿÿobservation,n,17500,0.9
2124,ÿÿÿchildhood,n,16268,0.96
2125,ÿÿÿpayment,n,16704,0.94
2126,ÿÿÿsir,n,17733,0.88
2127,ÿÿÿpermit,v,16764,0.93
2128,ÿÿÿcigarette,n,17160,0.91
2129,ÿÿÿdefinition,n,17499,0.89
2130,ÿÿÿpriority,n,16586,0.94
2131,ÿÿÿbread,n,16686,0.94
2132,ÿÿÿcreation,n,16967,0.92
2133,ÿÿÿgraduate,n,16803,0.93
2134,ÿÿÿrequest,n,16241,0.96
2135,ÿÿÿemotion,n,16062,0.97
2136,ÿÿÿscream,v,17342,0.9
2137,ÿÿÿdramatic,j,16233,0.96
2138,ÿÿÿuniverse,n,16596,0.94
2139,ÿÿÿgap,n,16216,0.96
2140,ÿÿÿexcellent,j,16094,0.96
2141,ÿÿÿdeeply,r,15848,0.98
2142,ÿÿÿprosecutor,n,17260,0.9
2143,ÿÿÿmark,n,15973,0.97
2144,ÿÿÿgreen,n,16776,0.92
2145,ÿÿÿlucky,j,16550,0.94
2146,ÿÿÿdrag,v,16685,0.93
2147,ÿÿÿairline,n,17164,0.9
2148,ÿÿÿlibrary,n,16314,0.95
2149,ÿÿÿagenda,n,16449,0.94
2150,ÿÿÿrecover,v,15786,0.98
2151,ÿÿÿfactory,n,16240,0.95
2152,ÿÿÿselection,n,16706,0.92
2153,ÿÿÿprimarily,r,17015,0.91
2154,ÿÿÿroof,n,16520,0.93
2155,ÿÿÿunable,j,15901,0.97
2156,ÿÿÿexpense,n,16274,0.94
2157,ÿÿÿinitiative,n,16445,0.93
2158,ÿÿÿdiet,n,16933,0.9
2159,ÿÿÿarrest,v,16205,0.94
2160,ÿÿÿfunding,n,16282,0.94
2161,ÿÿÿtherapy,n,16351,0.93
2162,ÿÿÿwash,v,16314,0.93
2163,ÿÿÿschedule,n,15987,0.95
2164,ÿÿÿsad,j,16163,0.94
2165,ÿÿÿbrief,j,15770,0.96
2166,ÿÿÿhousing,n,16403,0.93
2167,ÿÿÿpost,n,15693,0.97
2168,ÿÿÿpurchase,v,16064,0.94
2169,ÿÿÿexisting,j,16654,0.91
2170,ÿÿÿdark,n,16865,0.9
2171,ÿÿÿsteel,n,15982,0.95
2172,ÿÿÿregarding,i,17220,0.88
2173,ÿÿÿshout,v,17239,0.88
2174,ÿÿÿremaining,j,15992,0.95
2175,ÿÿÿvisual,j,17316,0.87
2176,ÿÿÿfairly,r,15701,0.96
2177,ÿÿÿchip,n,16162,0.94
2178,ÿÿÿviolent,j,15765,0.96
2179,ÿÿÿsilent,j,16802,0.9
2180,ÿÿÿsuppose,v,16562,0.91
2181,ÿÿÿself,n,16708,0.9
2182,ÿÿÿbike,n,17306,0.87
2183,ÿÿÿtea,n,16373,0.92
2184,ÿÿÿperceive,v,17180,0.88
2185,ÿÿÿcomparison,n,16809,0.9
2186,ÿÿÿsettlement,n,16172,0.93
2187,ÿÿÿlayer,n,16250,0.92
2188,ÿÿÿplanning,n,16434,0.91
2189,ÿÿÿfar,c,16006,0.94
2190,ÿÿÿdescription,n,16415,0.91
2191,ÿÿÿlater,j,15734,0.95
2192,ÿÿÿslow,v,15633,0.96
2193,ÿÿÿslide,v,16805,0.89
2194,ÿÿÿwidely,r,16000,0.93
2195,ÿÿÿwedding,n,15829,0.94
2196,ÿÿÿinform,v,15725,0.95
2197,ÿÿÿportion,n,15677,0.95
2198,ÿÿÿterritory,n,15831,0.94
2199,ÿÿÿimmediate,j,15680,0.95
2200,ÿÿÿopponent,n,15803,0.94
2201,ÿÿÿabandon,v,15323,0.97
2202,ÿÿÿlink,n,15738,0.94
2203,ÿÿÿmass,j,15939,0.93
2204,ÿÿÿlake,n,15836,0.94
2205,ÿÿÿtransform,v,15815,0.94
2206,ÿÿÿtension,n,15614,0.95
2207,ÿÿÿdisplay,n,15575,0.95
2208,ÿÿÿleading,j,15665,0.95
2209,ÿÿÿbother,v,15870,0.94
2210,ÿÿÿconsist,v,16648,0.89
2211,ÿÿÿalcohol,n,15877,0.93
2212,ÿÿÿenable,v,16293,0.91
2213,ÿÿÿbend,v,16285,0.91
2214,ÿÿÿsaving,n,15917,0.93
2215,ÿÿÿgain,n,15822,0.94
2216,ÿÿÿdesert,n,15653,0.94
2217,ÿÿÿshall,v,15997,0.92
2218,ÿÿÿerror,n,15980,0.93
2219,ÿÿÿrelease,n,15540,0.95
2220,ÿÿÿcop,n,16228,0.91
2221,ÿÿÿArab,j,16732,0.88
2222,ÿÿÿdouble,j,15233,0.97
2223,ÿÿÿwalk,n,15632,0.94
2224,ÿÿÿsand,n,15658,0.94
2225,ÿÿÿSpanish,j,15512,0.95
2226,ÿÿÿrule,v,15310,0.96
2227,ÿÿÿhit,n,15766,0.93
2228,ÿÿÿprint,n,15634,0.94
2229,ÿÿÿpreserve,v,15527,0.95
2230,ÿÿÿpassage,n,15702,0.93
2231,ÿÿÿformal,j,16078,0.91
2232,ÿÿÿtransition,n,16058,0.91
2233,ÿÿÿexistence,n,15969,0.92
2234,ÿÿÿalbum,n,15869,0.92
2235,ÿÿÿparticipation,n,17187,0.85
2236,ÿÿÿarrange,v,15258,0.96
2237,ÿÿÿatmosphere,n,15310,0.95
2238,ÿÿÿjoint,j,15444,0.95
2239,ÿÿÿreply,v,16312,0.89
2240,ÿÿÿcycle,n,15775,0.93
2241,ÿÿÿopposite,j,15554,0.94
2242,ÿÿÿlock,v,15616,0.93
2243,ÿÿÿwhole,n,15558,0.94
2244,ÿÿÿdeserve,v,14944,0.97
2245,ÿÿÿconsistent,j,16334,0.89
2246,ÿÿÿresistance,n,15686,0.93
2247,ÿÿÿdiscovery,n,15358,0.95
2248,ÿÿÿtear,v,15575,0.93
2249,ÿÿÿexposure,n,15979,0.91
2250,ÿÿÿpose,v,15230,0.95
2251,ÿÿÿstream,n,15400,0.94
2252,ÿÿÿsale,n,15351,0.94
2253,ÿÿÿtrust,n,15170,0.96
2254,ÿÿÿbenefit,v,15424,0.94
2255,ÿÿÿpot,n,15407,0.94
2256,ÿÿÿgrand,j,15659,0.93
2257,ÿÿÿmine,p,15794,0.92
2258,ÿÿÿhello,u,16600,0.87
2259,ÿÿÿcoalition,n,15720,0.92
2260,ÿÿÿtale,n,15004,0.97
2261,ÿÿÿknife,n,15792,0.92
2262,ÿÿÿresolve,v,15260,0.95
2263,ÿÿÿracial,j,15687,0.92
2264,ÿÿÿphase,n,16045,0.9
2265,ÿÿÿpresent,n,15267,0.95
2266,ÿÿÿjoke,n,15284,0.95
2267,ÿÿÿcoat,n,16010,0.9
2268,ÿÿÿMexican,j,15514,0.93
2269,ÿÿÿsymptom,n,15886,0.91
2270,ÿÿÿcontact,v,15359,0.94
2271,ÿÿÿmanufacturer,n,15741,0.92
2272,ÿÿÿphilosophy,n,15746,0.92
2273,ÿÿÿpotato,n,15561,0.93
2274,ÿÿÿinterview,v,15687,0.92
2275,ÿÿÿfoundation,n,15273,0.94
2276,ÿÿÿquote,v,15415,0.93
2277,ÿÿÿonline,j,15848,0.91
2278,ÿÿÿpass,n,15599,0.92
2279,ÿÿÿnegotiation,n,15680,0.92
2280,ÿÿÿgood,n,15259,0.94
2281,ÿÿÿurge,v,14894,0.96
2282,ÿÿÿoccasion,n,14792,0.97
2283,ÿÿÿdust,n,15475,0.93
2284,ÿÿÿbreathe,v,15813,0.91
2285,ÿÿÿelect,v,15350,0.93
2286,ÿÿÿinvestigator,n,15258,0.94
2287,ÿÿÿjacket,n,15692,0.91
2288,ÿÿÿglad,j,15556,0.92
2289,ÿÿÿordinary,j,14776,0.97
2290,ÿÿÿreduction,n,15862,0.9
2291,ÿÿÿrarely,r,14912,0.96
2292,ÿÿÿshift,n,15114,0.94
2293,ÿÿÿpack,v,15169,0.94
2294,ÿÿÿsuicide,n,15145,0.94
2295,ÿÿÿnumerous,j,15389,0.93
2296,ÿÿÿtouch,n,14939,0.95
2297,ÿÿÿsubstance,n,15909,0.89
2298,ÿÿÿdiscipline,n,15684,0.91
2299,ÿÿÿelsewhere,r,14884,0.95
2300,ÿÿÿiron,n,15043,0.94
2301,ÿÿÿpractical,j,15303,0.93
2302,ÿÿÿmoreover,r,16163,0.88
2303,ÿÿÿpassion,n,14632,0.97
2304,ÿÿÿvolunteer,n,14958,0.95
2305,ÿÿÿimplement,v,16124,0.88
2306,ÿÿÿessentially,r,15020,0.94
2307,ÿÿÿgene,n,15377,0.92
2308,ÿÿÿenforcement,n,15052,0.94
2309,ÿÿÿvs,i,16003,0.88
2310,ÿÿÿsauce,n,15903,0.88
2311,ÿÿÿindependence,n,15259,0.92
2312,ÿÿÿmarketing,n,15259,0.92
2313,ÿÿÿpriest,n,14889,0.94
2314,ÿÿÿamazing,j,15124,0.93
2315,ÿÿÿintense,j,14452,0.97
2316,ÿÿÿadvance,n,14645,0.96
2317,ÿÿÿemployer,n,14846,0.94
2318,ÿÿÿshock,n,14551,0.96
2319,ÿÿÿinspire,v,14771,0.95
2320,ÿÿÿadjust,v,14564,0.96
2321,ÿÿÿretire,v,14979,0.93
2322,ÿÿÿsure,r,14854,0.94
2323,ÿÿÿvisible,j,14691,0.95
2324,ÿÿÿkiss,v,16128,0.87
2325,ÿÿÿillness,n,14726,0.95
2326,ÿÿÿcap,n,14672,0.95
2327,ÿÿÿhabit,n,14501,0.96
2328,ÿÿÿcompetitive,j,14938,0.93
2329,ÿÿÿjuice,n,15388,0.9
2330,ÿÿÿcongressional,j,14936,0.93
2331,ÿÿÿinvolvement,n,15640,0.89
2332,ÿÿÿdominate,v,14768,0.94
2333,ÿÿÿpreviously,r,15092,0.92
2334,ÿÿÿwhenever,r,14484,0.96
2335,ÿÿÿtransfer,v,14686,0.95
2336,ÿÿÿanalyze,v,15587,0.89
2337,ÿÿÿanother,p,14441,0.96
2338,ÿÿÿattach,v,14552,0.95
2339,ÿÿÿfor,c,14594,0.95
2340,ÿÿÿIndian,n,15021,0.92
2341,ÿÿÿdisaster,n,14684,0.95
2342,ÿÿÿparking,n,14970,0.93
2343,ÿÿÿprospect,n,14521,0.95
2344,ÿÿÿboss,n,14587,0.95
2345,ÿÿÿcomplaint,n,14551,0.95
2346,ÿÿÿchampionship,n,16008,0.86
2347,ÿÿÿcoach,v,15910,0.87
2348,ÿÿÿexercise,v,14766,0.94
2349,ÿÿÿfundamental,j,15199,0.91
2350,ÿÿÿsevere,j,14609,0.95
2351,ÿÿÿenhance,v,15393,0.9
2352,ÿÿÿmystery,n,14211,0.97
2353,ÿÿÿimpose,v,14881,0.93
2354,ÿÿÿpoverty,n,14891,0.93
2355,ÿÿÿother,i,14165,0.97
2356,ÿÿÿentry,n,14643,0.94
2357,ÿÿÿfat,j,14826,0.93
2358,ÿÿÿspending,n,14965,0.92
2359,ÿÿÿking,n,14445,0.95
2360,ÿÿÿevaluate,v,15780,0.87
2361,ÿÿÿsymbol,n,14596,0.94
2362,ÿÿÿstill,j,14308,0.96
2363,ÿÿÿtrade,v,14624,0.94
2364,ÿÿÿmaker,n,14586,0.94
2365,ÿÿÿmood,n,14227,0.96
2366,ÿÿÿaccomplish,v,14325,0.96
2367,ÿÿÿemphasis,n,15337,0.89
2368,ÿÿÿillustrate,v,15091,0.91
2369,ÿÿÿboot,n,15033,0.91
2370,ÿÿÿmonitor,v,14499,0.94
2371,ÿÿÿAsian,j,14873,0.92
2372,ÿÿÿentertainment,n,14615,0.94
2373,ÿÿÿbean,n,14996,0.91
2374,ÿÿÿevaluation,n,16213,0.84
2375,ÿÿÿcreature,n,14852,0.92
2376,ÿÿÿcommander,n,14425,0.94
2377,ÿÿÿdigital,j,15048,0.9
2378,ÿÿÿarrangement,n,14403,0.94
2379,ÿÿÿconcentrate,v,14155,0.96
2380,ÿÿÿtotal,n,14559,0.93
2381,ÿÿÿusual,j,14305,0.95
2382,ÿÿÿanger,n,14241,0.95
2383,ÿÿÿpsychological,j,15249,0.89
2384,ÿÿÿheavily,r,13964,0.97
2385,ÿÿÿpeak,n,14481,0.94
2386,ÿÿÿapproximately,r,15172,0.89
2387,ÿÿÿincreasing,j,14886,0.91
2388,ÿÿÿdisorder,n,14780,0.92
2389,ÿÿÿmissile,n,15147,0.89
2390,ÿÿÿequally,r,14389,0.94
2391,ÿÿÿvary,v,14954,0.9
2392,ÿÿÿwire,n,14310,0.95
2393,ÿÿÿround,n,14539,0.93
2394,ÿÿÿdistribution,n,15249,0.89
2395,ÿÿÿtransportation,n,14516,0.93
2396,ÿÿÿholy,j,14090,0.96
2397,ÿÿÿring,v,14757,0.91
2398,ÿÿÿtwin,n,14610,0.92
2399,ÿÿÿcommand,n,14022,0.96
2400,ÿÿÿcommission,n,14371,0.94
2401,ÿÿÿinterpretation,n,15613,0.86
2402,ÿÿÿbreakfast,n,14397,0.93
2403,ÿÿÿstop,n,14117,0.95
2404,ÿÿÿstrongly,r,14459,0.93
2405,ÿÿÿengineering,n,14853,0.9
2406,ÿÿÿluck,n,14186,0.95
2407,ÿÿÿso-called,j,14065,0.96
2408,ÿÿÿconstant,j,14069,0.95
2409,ÿÿÿrace,v,14233,0.94
2410,ÿÿÿclinic,n,14016,0.96
2411,ÿÿÿveteran,n,14366,0.93
2412,ÿÿÿsmell,v,15214,0.88
2413,ÿÿÿtablespoon,n,15804,0.85
2414,ÿÿÿcapable,j,13933,0.96
2415,ÿÿÿnervous,j,14100,0.95
2416,ÿÿÿtourist,n,13895,0.96
2417,ÿÿÿlight,v,14720,0.91
2418,ÿÿÿtoss,v,14565,0.92
2419,ÿÿÿcrucial,j,14234,0.94
2420,ÿÿÿbury,v,14030,0.95
2421,ÿÿÿpray,v,14006,0.95
2422,ÿÿÿtomato,n,14864,0.89
2423,ÿÿÿexception,n,14136,0.94
2424,ÿÿÿbutter,n,14780,0.9
2425,ÿÿÿdeficit,n,15008,0.88
2426,ÿÿÿbathroom,n,14725,0.9
2427,ÿÿÿobjective,n,15107,0.88
2428,ÿÿÿblock,v,13688,0.97
2429,ÿÿÿelectronic,j,14057,0.94
2430,ÿÿÿally,n,14025,0.94
2431,ÿÿÿjourney,n,13599,0.97
2432,ÿÿÿreputation,n,13681,0.96
2433,ÿÿÿmixture,n,14856,0.89
2434,ÿÿÿsurely,r,13904,0.95
2435,ÿÿÿtower,n,13948,0.95
2436,ÿÿÿsmoke,n,14327,0.92
2437,ÿÿÿconfront,v,13757,0.96
2438,ÿÿÿpure,j,13671,0.96
2439,ÿÿÿglance,v,16008,0.82
2440,ÿÿÿdimension,n,14965,0.88
2441,ÿÿÿtoy,n,13935,0.94
2442,ÿÿÿprisoner,n,13928,0.94
2443,ÿÿÿfellow,j,13585,0.97
2444,ÿÿÿsmooth,j,14148,0.93
2445,ÿÿÿnearby,j,13820,0.95
2446,ÿÿÿpeer,n,14738,0.89
2447,ÿÿÿdesigner,n,14210,0.92
2448,ÿÿÿpersonnel,n,14095,0.93
2449,ÿÿÿshape,v,13859,0.94
2450,ÿÿÿeducator,n,15447,0.85
2451,ÿÿÿrelative,n,13541,0.97
2452,ÿÿÿimmigration,n,14526,0.9
2453,ÿÿÿbelt,n,13826,0.94
2454,ÿÿÿteaspoon,n,15767,0.83
2455,ÿÿÿbirthday,n,13757,0.95
2456,ÿÿÿimplication,n,14791,0.88
2457,ÿÿÿperfectly,r,13671,0.95
2458,ÿÿÿcoast,n,13515,0.96
2459,ÿÿÿsupporter,n,13970,0.93
2460,ÿÿÿaccompany,v,13666,0.95
2461,ÿÿÿsilver,n,14033,0.92
2462,ÿÿÿteenager,n,13615,0.95
2463,ÿÿÿrecognition,n,14249,0.91
2464,ÿÿÿretirement,n,13964,0.93
2465,ÿÿÿflag,n,13655,0.95
2466,ÿÿÿrecovery,n,13703,0.95
2467,ÿÿÿwhisper,v,15383,0.84
2468,ÿÿÿwatch,n,13996,0.93
2469,ÿÿÿgentleman,n,14648,0.88
2470,ÿÿÿcorn,n,13739,0.94
2471,ÿÿÿmoon,n,13959,0.92
2472,ÿÿÿinner,j,13545,0.95
2473,ÿÿÿjunior,j,13797,0.93
2474,ÿÿÿrather,c,13611,0.95
2475,ÿÿÿthroat,n,14681,0.88
2476,ÿÿÿsalary,n,13885,0.93
2477,ÿÿÿswing,v,14317,0.9
2478,ÿÿÿobserver,n,13806,0.93
2479,ÿÿÿdue,j,13252,0.97
2480,ÿÿÿstraight,j,13474,0.96
2481,ÿÿÿpublication,n,14045,0.92
2482,ÿÿÿpretty,j,13951,0.92
2483,ÿÿÿcrop,n,13733,0.94
2484,ÿÿÿdig,v,13633,0.94
2485,ÿÿÿstrike,n,13686,0.94
2486,ÿÿÿpermanent,j,13390,0.96
2487,ÿÿÿplant,v,13526,0.95
2488,ÿÿÿphenomenon,n,14087,0.91
2489,ÿÿÿanxiety,n,14088,0.91
2490,ÿÿÿunlike,i,13248,0.97
2491,ÿÿÿwet,j,13963,0.92
2492,ÿÿÿliterally,r,13425,0.95
2493,ÿÿÿresist,v,13330,0.96
2494,ÿÿÿconvention,n,14497,0.88
2495,ÿÿÿembrace,v,13183,0.97
2496,ÿÿÿsupply,v,13399,0.95
2497,ÿÿÿassist,v,13748,0.93
2498,ÿÿÿexhibition,n,13987,0.91
2499,ÿÿÿconstruct,v,14234,0.89
2500,ÿÿÿviewer,n,13479,0.94
